{
	"dataPath": "hdfs://cloud-7:44000/user/researchuser7-v/tpc-h/1GB/",
	"execPlanOutPath": "/data/datasets/researchuser7-v/Experiment8/generated_jobs_exec_plans/1GB/",
	"execute": "true",
	"local": "false",
	"heap_size": "-1",
	"netRunTime": 2930,
	"environmentConfig": "{taskmanager.memory.process.size=25600m, execution.savepoint.ignore-unclaimed-state=false, execution.attached=true, execution.shutdown-on-attached-exit=false, pipeline.jars=[file:/data/datasets/researchuser7-v/Experiment8/generated_jobs/Job16v35/target/scala-2.11/Job16v35.jar], parallelism.default=16, jobmanager.execution.failover-strategy=region, jobmanager.rpc.address=cloud-7, taskmanager.numberOfTaskSlots=4, execution.target=remote, jobmanager.rpc.port=6123, jobmanager.heap.size=5120m}",
	"executionConfig": "ExecutionConfig{executionMode=PIPELINED, closureCleanerLevel=RECURSIVE, parallelism=16, maxParallelism=-1, numberOfExecutionRetries=-1, forceKryo=false, disableGenericTypes=false, enableAutoGeneratedUids=true, objectReuse=false, autoTypeRegistrationEnabled=true, forceAvro=false, codeAnalysisMode=DISABLE, autoWatermarkInterval=0, latencyTrackingInterval=0, isLatencyTrackingConfigured=false, executionRetryDelay=10000, restartStrategyConfiguration=Cluster level default restart strategy, taskCancellationIntervalMillis=-1, taskCancellationTimeoutMillis=-1, useSnapshotCompression=false, failTaskOnCheckpointError=true, defaultInputDependencyConstraint=ANY, globalJobParameters=org.apache.flink.api.common.ExecutionConfig$GlobalJobParameters@1, registeredTypesWithKryoSerializers={}, registeredTypesWithKryoSerializerClasses={}, defaultKryoSerializers={}, defaultKryoSerializerClasses={}, registeredKryoTypes=[], registeredPojoTypes=[]}",
	"executionPlan": {
	"nodes": [

	{
		"id": 7,
		"type": "source",
		"pact": "Data Source",
		"contents": "at Job16v35$.run(Job16v35.scala:22) (org.apache.flink.api.java.io.TupleCsvInputFormat)",
		"parallelism": "16",
		"global_properties": [
			{ "name": "Partitioning", "value": "RANDOM_PARTITIONED" },
			{ "name": "Partitioning Order", "value": "(none)" },
			{ "name": "Uniqueness", "value": "not unique" }
		],
		"local_properties": [
			{ "name": "Order", "value": "(none)" },
			{ "name": "Grouping", "value": "not grouped" },
			{ "name": "Uniqueness", "value": "not unique" }
		],
		"estimates": [
			{ "name": "Est. Output Size", "value": "118.18 M" },
			{ "name": "Est. Cardinality", "value": "765.94 K" }		],
		"costs": [
			{ "name": "Network", "value": "0.0" },
			{ "name": "Disk I/O", "value": "118.18 M" },
			{ "name": "CPU", "value": "0.0" },
			{ "name": "Cumulative Network", "value": "0.0" },
			{ "name": "Cumulative Disk I/O", "value": "118.18 M" },
			{ "name": "Cumulative CPU", "value": "0.0" }
		],
		"compiler_hints": [
			{ "name": "Output Size (bytes)", "value": "(none)" },
			{ "name": "Output Cardinality", "value": "(none)" },
			{ "name": "Avg. Output Record Size (bytes)", "value": "(none)" },
			{ "name": "Filter Factor", "value": "(none)" }		]
	},
	{
		"id": 9,
		"type": "source",
		"pact": "Data Source",
		"contents": "at Job16v35$.run(Job16v35.scala:23) (org.apache.flink.api.java.io.TupleCsvInputFormat)",
		"parallelism": "16",
		"global_properties": [
			{ "name": "Partitioning", "value": "RANDOM_PARTITIONED" },
			{ "name": "Partitioning Order", "value": "(none)" },
			{ "name": "Uniqueness", "value": "not unique" }
		],
		"local_properties": [
			{ "name": "Order", "value": "(none)" },
			{ "name": "Grouping", "value": "not grouped" },
			{ "name": "Uniqueness", "value": "not unique" }
		],
		"estimates": [
			{ "name": "Est. Output Size", "value": "1.40 M" },
			{ "name": "Est. Cardinality", "value": "9.03 K" }		],
		"costs": [
			{ "name": "Network", "value": "0.0" },
			{ "name": "Disk I/O", "value": "1.40 M" },
			{ "name": "CPU", "value": "0.0" },
			{ "name": "Cumulative Network", "value": "0.0" },
			{ "name": "Cumulative Disk I/O", "value": "1.40 M" },
			{ "name": "Cumulative CPU", "value": "0.0" }
		],
		"compiler_hints": [
			{ "name": "Output Size (bytes)", "value": "(none)" },
			{ "name": "Output Cardinality", "value": "(none)" },
			{ "name": "Avg. Output Record Size (bytes)", "value": "(none)" },
			{ "name": "Filter Factor", "value": "(none)" }		]
	},
	{
		"id": 8,
		"type": "pact",
		"pact": "Map",
		"contents": "Map at Job16v35$.run(Job16v35.scala:24)",
		"parallelism": "16",
		"predecessors": [
			{"id": 9, "ship_strategy": "Forward", "exchange_mode": "PIPELINED"}
		],
		"driver_strategy": "Map",
		"global_properties": [
			{ "name": "Partitioning", "value": "RANDOM_PARTITIONED" },
			{ "name": "Partitioning Order", "value": "(none)" },
			{ "name": "Uniqueness", "value": "not unique" }
		],
		"local_properties": [
			{ "name": "Order", "value": "(none)" },
			{ "name": "Grouping", "value": "not grouped" },
			{ "name": "Uniqueness", "value": "not unique" }
		],
		"estimates": [
			{ "name": "Est. Output Size", "value": "(unknown)" },
			{ "name": "Est. Cardinality", "value": "9.03 K" }		],
		"costs": [
			{ "name": "Network", "value": "0.0" },
			{ "name": "Disk I/O", "value": "0.0" },
			{ "name": "CPU", "value": "0.0" },
			{ "name": "Cumulative Network", "value": "0.0" },
			{ "name": "Cumulative Disk I/O", "value": "1.40 M" },
			{ "name": "Cumulative CPU", "value": "0.0" }
		],
		"compiler_hints": [
			{ "name": "Output Size (bytes)", "value": "(none)" },
			{ "name": "Output Cardinality", "value": "(none)" },
			{ "name": "Avg. Output Record Size (bytes)", "value": "(none)" },
			{ "name": "Filter Factor", "value": "(none)" }		]
	},
	{
		"id": 6,
		"type": "pact",
		"pact": "Join",
		"contents": "Join at Job16v35$.run(Job16v35.scala:25)",
		"parallelism": "16",
		"predecessors": [
			{"id": 7, "side": "first", "ship_strategy": "Hash Partition on [1]", "exchange_mode": "PIPELINED"},
			{"id": 8, "side": "second", "ship_strategy": "Hash Partition on [0]", "exchange_mode": "PIPELINED"}
		],
		"driver_strategy": "Hybrid Hash (build: at Job16v35$.run(Job16v35.scala:22) (org.apache.flink.api.java.io.TupleCsvInputFormat) (id: 7))",
		"global_properties": [
			{ "name": "Partitioning", "value": "RANDOM_PARTITIONED" },
			{ "name": "Partitioning Order", "value": "(none)" },
			{ "name": "Uniqueness", "value": "not unique" }
		],
		"local_properties": [
			{ "name": "Order", "value": "(none)" },
			{ "name": "Grouping", "value": "not grouped" },
			{ "name": "Uniqueness", "value": "not unique" }
		],
		"estimates": [
			{ "name": "Est. Output Size", "value": "(unknown)" },
			{ "name": "Est. Cardinality", "value": "765.94 K" }		],
		"costs": [
			{ "name": "Network", "value": "(unknown)" },
			{ "name": "Disk I/O", "value": "(unknown)" },
			{ "name": "CPU", "value": "(unknown)" },
			{ "name": "Cumulative Network", "value": "(unknown)" },
			{ "name": "Cumulative Disk I/O", "value": "(unknown)" },
			{ "name": "Cumulative CPU", "value": "(unknown)" }
		],
		"compiler_hints": [
			{ "name": "Output Size (bytes)", "value": "(none)" },
			{ "name": "Output Cardinality", "value": "(none)" },
			{ "name": "Avg. Output Record Size (bytes)", "value": "(none)" },
			{ "name": "Filter Factor", "value": "(none)" }		]
	},
	{
		"id": 12,
		"type": "source",
		"pact": "Data Source",
		"contents": "at Job16v35$.run(Job16v35.scala:26) (org.apache.flink.api.java.io.TupleCsvInputFormat)",
		"parallelism": "16",
		"global_properties": [
			{ "name": "Partitioning", "value": "RANDOM_PARTITIONED" },
			{ "name": "Partitioning Order", "value": "(none)" },
			{ "name": "Uniqueness", "value": "not unique" }
		],
		"local_properties": [
			{ "name": "Order", "value": "(none)" },
			{ "name": "Grouping", "value": "not grouped" },
			{ "name": "Uniqueness", "value": "not unique" }
		],
		"estimates": [
			{ "name": "Est. Output Size", "value": "2.20 K" },
			{ "name": "Est. Cardinality", "value": "27.00" }		],
		"costs": [
			{ "name": "Network", "value": "0.0" },
			{ "name": "Disk I/O", "value": "2.20 K" },
			{ "name": "CPU", "value": "0.0" },
			{ "name": "Cumulative Network", "value": "0.0" },
			{ "name": "Cumulative Disk I/O", "value": "2.20 K" },
			{ "name": "Cumulative CPU", "value": "0.0" }
		],
		"compiler_hints": [
			{ "name": "Output Size (bytes)", "value": "(none)" },
			{ "name": "Output Cardinality", "value": "(none)" },
			{ "name": "Avg. Output Record Size (bytes)", "value": "(none)" },
			{ "name": "Filter Factor", "value": "(none)" }		]
	},
	{
		"id": 11,
		"type": "pact",
		"pact": "Map",
		"contents": "Map at Job16v35$.run(Job16v35.scala:27)",
		"parallelism": "16",
		"predecessors": [
			{"id": 12, "ship_strategy": "Forward", "exchange_mode": "PIPELINED"}
		],
		"driver_strategy": "Map",
		"global_properties": [
			{ "name": "Partitioning", "value": "RANDOM_PARTITIONED" },
			{ "name": "Partitioning Order", "value": "(none)" },
			{ "name": "Uniqueness", "value": "not unique" }
		],
		"local_properties": [
			{ "name": "Order", "value": "(none)" },
			{ "name": "Grouping", "value": "not grouped" },
			{ "name": "Uniqueness", "value": "not unique" }
		],
		"estimates": [
			{ "name": "Est. Output Size", "value": "(unknown)" },
			{ "name": "Est. Cardinality", "value": "27.00" }		],
		"costs": [
			{ "name": "Network", "value": "0.0" },
			{ "name": "Disk I/O", "value": "0.0" },
			{ "name": "CPU", "value": "0.0" },
			{ "name": "Cumulative Network", "value": "0.0" },
			{ "name": "Cumulative Disk I/O", "value": "2.20 K" },
			{ "name": "Cumulative CPU", "value": "0.0" }
		],
		"compiler_hints": [
			{ "name": "Output Size (bytes)", "value": "(none)" },
			{ "name": "Output Cardinality", "value": "(none)" },
			{ "name": "Avg. Output Record Size (bytes)", "value": "(none)" },
			{ "name": "Filter Factor", "value": "(none)" }		]
	},
	{
		"id": 10,
		"type": "pact",
		"pact": "Filter",
		"contents": "Filter at Job16v35$.run(Job16v35.scala:32)",
		"parallelism": "16",
		"predecessors": [
			{"id": 11, "ship_strategy": "Forward", "exchange_mode": "PIPELINED"}
		],
		"driver_strategy": "FlatMap",
		"global_properties": [
			{ "name": "Partitioning", "value": "RANDOM_PARTITIONED" },
			{ "name": "Partitioning Order", "value": "(none)" },
			{ "name": "Uniqueness", "value": "not unique" }
		],
		"local_properties": [
			{ "name": "Order", "value": "(none)" },
			{ "name": "Grouping", "value": "not grouped" },
			{ "name": "Uniqueness", "value": "not unique" }
		],
		"estimates": [
			{ "name": "Est. Output Size", "value": "0.0" },
			{ "name": "Est. Cardinality", "value": "13.00" }		],
		"costs": [
			{ "name": "Network", "value": "0.0" },
			{ "name": "Disk I/O", "value": "0.0" },
			{ "name": "CPU", "value": "0.0" },
			{ "name": "Cumulative Network", "value": "0.0" },
			{ "name": "Cumulative Disk I/O", "value": "2.20 K" },
			{ "name": "Cumulative CPU", "value": "0.0" }
		],
		"compiler_hints": [
			{ "name": "Output Size (bytes)", "value": "(none)" },
			{ "name": "Output Cardinality", "value": "(none)" },
			{ "name": "Avg. Output Record Size (bytes)", "value": "(none)" },
			{ "name": "Filter Factor", "value": "(none)" }		]
	},
	{
		"id": 5,
		"type": "pact",
		"pact": "Join",
		"contents": "Join at Job16v35$.run(Job16v35.scala:33)",
		"parallelism": "16",
		"predecessors": [
			{"id": 6, "side": "first", "ship_strategy": "Hash Partition on [3]", "exchange_mode": "PIPELINED"},
			{"id": 10, "side": "second", "ship_strategy": "Hash Partition on [0]", "exchange_mode": "PIPELINED"}
		],
		"driver_strategy": "Hybrid Hash (build: Join at Job16v35$.run(Job16v35.scala:25) (id: 6))",
		"global_properties": [
			{ "name": "Partitioning", "value": "RANDOM_PARTITIONED" },
			{ "name": "Partitioning Order", "value": "(none)" },
			{ "name": "Uniqueness", "value": "not unique" }
		],
		"local_properties": [
			{ "name": "Order", "value": "(none)" },
			{ "name": "Grouping", "value": "not grouped" },
			{ "name": "Uniqueness", "value": "not unique" }
		],
		"estimates": [
			{ "name": "Est. Output Size", "value": "(unknown)" },
			{ "name": "Est. Cardinality", "value": "765.94 K" }		],
		"costs": [
			{ "name": "Network", "value": "(unknown)" },
			{ "name": "Disk I/O", "value": "(unknown)" },
			{ "name": "CPU", "value": "(unknown)" },
			{ "name": "Cumulative Network", "value": "(unknown)" },
			{ "name": "Cumulative Disk I/O", "value": "(unknown)" },
			{ "name": "Cumulative CPU", "value": "(unknown)" }
		],
		"compiler_hints": [
			{ "name": "Output Size (bytes)", "value": "(none)" },
			{ "name": "Output Cardinality", "value": "(none)" },
			{ "name": "Avg. Output Record Size (bytes)", "value": "(none)" },
			{ "name": "Filter Factor", "value": "(none)" }		]
	},
	{
		"id": 4,
		"type": "pact",
		"pact": "GroupReduce",
		"contents": "GroupReduce at Job16v35$.run(Job16v35.scala:34)",
		"parallelism": "16",
		"predecessors": [
			{"id": 5, "ship_strategy": "Hash Partition on [2]", "local_strategy": "Sort on [2:ASC]", "exchange_mode": "PIPELINED"}
		],
		"driver_strategy": "Sorted Group Reduce",
		"global_properties": [
			{ "name": "Partitioning", "value": "RANDOM_PARTITIONED" },
			{ "name": "Partitioning Order", "value": "(none)" },
			{ "name": "Uniqueness", "value": "not unique" }
		],
		"local_properties": [
			{ "name": "Order", "value": "(none)" },
			{ "name": "Grouping", "value": "not grouped" },
			{ "name": "Uniqueness", "value": "not unique" }
		],
		"estimates": [
			{ "name": "Est. Output Size", "value": "(unknown)" },
			{ "name": "Est. Cardinality", "value": "(unknown)" }		],
		"costs": [
			{ "name": "Network", "value": "(unknown)" },
			{ "name": "Disk I/O", "value": "(unknown)" },
			{ "name": "CPU", "value": "(unknown)" },
			{ "name": "Cumulative Network", "value": "(unknown)" },
			{ "name": "Cumulative Disk I/O", "value": "(unknown)" },
			{ "name": "Cumulative CPU", "value": "(unknown)" }
		],
		"compiler_hints": [
			{ "name": "Output Size (bytes)", "value": "(none)" },
			{ "name": "Output Cardinality", "value": "(none)" },
			{ "name": "Avg. Output Record Size (bytes)", "value": "(none)" },
			{ "name": "Filter Factor", "value": "(none)" }		]
	},
	{
		"id": 3,
		"type": "pact",
		"pact": "Map",
		"contents": "Map at Job16v35$.run(Job16v35.scala:35)",
		"parallelism": "16",
		"predecessors": [
			{"id": 4, "ship_strategy": "Forward", "exchange_mode": "PIPELINED"}
		],
		"driver_strategy": "Map",
		"global_properties": [
			{ "name": "Partitioning", "value": "RANDOM_PARTITIONED" },
			{ "name": "Partitioning Order", "value": "(none)" },
			{ "name": "Uniqueness", "value": "not unique" }
		],
		"local_properties": [
			{ "name": "Order", "value": "(none)" },
			{ "name": "Grouping", "value": "not grouped" },
			{ "name": "Uniqueness", "value": "not unique" }
		],
		"estimates": [
			{ "name": "Est. Output Size", "value": "(unknown)" },
			{ "name": "Est. Cardinality", "value": "(unknown)" }		],
		"costs": [
			{ "name": "Network", "value": "0.0" },
			{ "name": "Disk I/O", "value": "0.0" },
			{ "name": "CPU", "value": "0.0" },
			{ "name": "Cumulative Network", "value": "(unknown)" },
			{ "name": "Cumulative Disk I/O", "value": "(unknown)" },
			{ "name": "Cumulative CPU", "value": "(unknown)" }
		],
		"compiler_hints": [
			{ "name": "Output Size (bytes)", "value": "(none)" },
			{ "name": "Output Cardinality", "value": "(none)" },
			{ "name": "Avg. Output Record Size (bytes)", "value": "(none)" },
			{ "name": "Filter Factor", "value": "(none)" }		]
	},
	{
		"id": 2,
		"type": "pact",
		"pact": "Map",
		"contents": "Map at Job16v35$.run(Job16v35.scala:40)",
		"parallelism": "16",
		"predecessors": [
			{"id": 3, "ship_strategy": "Forward", "exchange_mode": "PIPELINED"}
		],
		"driver_strategy": "Map",
		"global_properties": [
			{ "name": "Partitioning", "value": "RANDOM_PARTITIONED" },
			{ "name": "Partitioning Order", "value": "(none)" },
			{ "name": "Uniqueness", "value": "not unique" }
		],
		"local_properties": [
			{ "name": "Order", "value": "(none)" },
			{ "name": "Grouping", "value": "not grouped" },
			{ "name": "Uniqueness", "value": "not unique" }
		],
		"estimates": [
			{ "name": "Est. Output Size", "value": "(unknown)" },
			{ "name": "Est. Cardinality", "value": "(unknown)" }		],
		"costs": [
			{ "name": "Network", "value": "0.0" },
			{ "name": "Disk I/O", "value": "0.0" },
			{ "name": "CPU", "value": "0.0" },
			{ "name": "Cumulative Network", "value": "(unknown)" },
			{ "name": "Cumulative Disk I/O", "value": "(unknown)" },
			{ "name": "Cumulative CPU", "value": "(unknown)" }
		],
		"compiler_hints": [
			{ "name": "Output Size (bytes)", "value": "(none)" },
			{ "name": "Output Cardinality", "value": "(none)" },
			{ "name": "Avg. Output Record Size (bytes)", "value": "(none)" },
			{ "name": "Filter Factor", "value": "(none)" }		]
	},
	{
		"id": 1,
		"type": "pact",
		"pact": "GroupReduce",
		"contents": "GroupReduce at Job16v35$.run(Job16v35.scala:41)",
		"parallelism": "16",
		"predecessors": [
			{"id": 2, "ship_strategy": "Hash Partition on [2]", "local_strategy": "Sort on [2:ASC]", "exchange_mode": "PIPELINED"}
		],
		"driver_strategy": "Sorted Group Reduce",
		"global_properties": [
			{ "name": "Partitioning", "value": "RANDOM_PARTITIONED" },
			{ "name": "Partitioning Order", "value": "(none)" },
			{ "name": "Uniqueness", "value": "not unique" }
		],
		"local_properties": [
			{ "name": "Order", "value": "(none)" },
			{ "name": "Grouping", "value": "not grouped" },
			{ "name": "Uniqueness", "value": "not unique" }
		],
		"estimates": [
			{ "name": "Est. Output Size", "value": "(unknown)" },
			{ "name": "Est. Cardinality", "value": "(unknown)" }		],
		"costs": [
			{ "name": "Network", "value": "(unknown)" },
			{ "name": "Disk I/O", "value": "(unknown)" },
			{ "name": "CPU", "value": "(unknown)" },
			{ "name": "Cumulative Network", "value": "(unknown)" },
			{ "name": "Cumulative Disk I/O", "value": "(unknown)" },
			{ "name": "Cumulative CPU", "value": "(unknown)" }
		],
		"compiler_hints": [
			{ "name": "Output Size (bytes)", "value": "(none)" },
			{ "name": "Output Cardinality", "value": "(none)" },
			{ "name": "Avg. Output Record Size (bytes)", "value": "(none)" },
			{ "name": "Filter Factor", "value": "(none)" }		]
	},
	{
		"id": 0,
		"type": "sink",
		"pact": "Data Sink",
		"contents": "org.apache.flink.api.java.io.DiscardingOutputFormat@2fe88a09",
		"parallelism": "16",
		"predecessors": [
			{"id": 1, "ship_strategy": "Forward", "exchange_mode": "PIPELINED"}
		],
		"global_properties": [
			{ "name": "Partitioning", "value": "RANDOM_PARTITIONED" },
			{ "name": "Partitioning Order", "value": "(none)" },
			{ "name": "Uniqueness", "value": "not unique" }
		],
		"local_properties": [
			{ "name": "Order", "value": "(none)" },
			{ "name": "Grouping", "value": "not grouped" },
			{ "name": "Uniqueness", "value": "not unique" }
		],
		"estimates": [
			{ "name": "Est. Output Size", "value": "(unknown)" },
			{ "name": "Est. Cardinality", "value": "(unknown)" }		],
		"costs": [
			{ "name": "Network", "value": "0.0" },
			{ "name": "Disk I/O", "value": "0.0" },
			{ "name": "CPU", "value": "0.0" },
			{ "name": "Cumulative Network", "value": "(unknown)" },
			{ "name": "Cumulative Disk I/O", "value": "(unknown)" },
			{ "name": "Cumulative CPU", "value": "(unknown)" }
		],
		"compiler_hints": [
			{ "name": "Output Size (bytes)", "value": "(none)" },
			{ "name": "Output Cardinality", "value": "(none)" },
			{ "name": "Avg. Output Record Size (bytes)", "value": "(none)" },
			{ "name": "Filter Factor", "value": "(none)" }		]
	}
	]
}

}
