{"directed": true, "multigraph": false, "graph": {"plan_id": "plan_5"}, "nodes": [{"pact": "Data Source", "color": "green", "id": "Data Source_0"}, {"pact": "Join", "color": "lightblue", "id": "Join_1"}, {"pact": "Map", "color": "lightblue", "id": "Map_2"}, {"pact": "Data Source", "color": "green", "id": "Data Source_3"}, {"pact": "Reduce", "color": "lightblue", "id": "Reduce_4"}, {"pact": "Reduce", "color": "lightblue", "id": "Reduce_5"}, {"pact": "Reduce", "color": "lightblue", "id": "Reduce_6"}, {"pact": "Reduce", "color": "lightblue", "id": "Reduce_7"}, {"pact": "Reduce", "color": "lightblue", "id": "Reduce_8"}, {"pact": "Data Sink", "color": "green", "id": "Data Sink_9"}], "links": [{"source": "Data Source_0", "target": "Join_1"}, {"source": "Join_1", "target": "Reduce_4"}, {"source": "Map_2", "target": "Join_1"}, {"source": "Data Source_3", "target": "Map_2"}, {"source": "Reduce_4", "target": "Reduce_5"}, {"source": "Reduce_5", "target": "Reduce_6"}, {"source": "Reduce_6", "target": "Reduce_7"}, {"source": "Reduce_7", "target": "Reduce_8"}, {"source": "Reduce_8", "target": "Data Sink_9"}]}
