{"directed": true, "multigraph": false, "graph": {"plan_id": "plan_44"}, "nodes": [{"pact": "Data Source", "color": "green", "id": "Data Source_0"}, {"pact": "Map", "color": "lightblue", "id": "Map_1"}, {"pact": "Group by", "color": "lightblue", "id": "Group by_2"}, {"pact": "Map", "color": "lightblue", "id": "Map_3"}, {"pact": "Join", "color": "lightblue", "id": "Join_4"}, {"pact": "Map", "color": "lightblue", "id": "Map_5"}, {"pact": "Group by", "color": "lightblue", "id": "Group by_6"}, {"pact": "Map", "color": "lightblue", "id": "Map_7"}, {"pact": "Data Source", "color": "green", "id": "Data Source_8"}, {"pact": "Map", "color": "lightblue", "id": "Map_9"}, {"pact": "Reduce", "color": "lightblue", "id": "Reduce_10"}, {"pact": "Data Sink", "color": "green", "id": "Data Sink_11"}], "links": [{"source": "Data Source_0", "target": "Map_1"}, {"source": "Map_1", "target": "Group by_2"}, {"source": "Group by_2", "target": "Map_3"}, {"source": "Map_3", "target": "Join_4"}, {"source": "Join_4", "target": "Map_9"}, {"source": "Map_5", "target": "Join_4"}, {"source": "Group by_6", "target": "Map_5"}, {"source": "Map_7", "target": "Group by_6"}, {"source": "Data Source_8", "target": "Map_7"}, {"source": "Map_9", "target": "Reduce_10"}, {"source": "Reduce_10", "target": "Data Sink_11"}]}
