{"directed": true, "multigraph": false, "graph": {"plan_id": "plan_3"}, "nodes": [{"pact": "Data Source", "color": "green", "id": "Data Source_0"}, {"pact": "Map", "color": "lightblue", "id": "Map_1"}, {"pact": "Map", "color": "lightblue", "id": "Map_2"}, {"pact": "Join", "color": "lightblue", "id": "Join_3"}, {"pact": "Map", "color": "lightblue", "id": "Map_4"}, {"pact": "Map", "color": "lightblue", "id": "Map_5"}, {"pact": "Map", "color": "lightblue", "id": "Map_6"}, {"pact": "Data Source", "color": "green", "id": "Data Source_7"}, {"pact": "Group by", "color": "lightblue", "id": "Group by_8"}, {"pact": "Group by", "color": "lightblue", "id": "Group by_9"}, {"pact": "Filter", "color": "lightblue", "id": "Filter_10"}, {"pact": "Data Sink", "color": "green", "id": "Data Sink_11"}], "links": [{"source": "Data Source_0", "target": "Map_1"}, {"source": "Map_1", "target": "Map_2"}, {"source": "Map_2", "target": "Join_3"}, {"source": "Join_3", "target": "Group by_8"}, {"source": "Map_4", "target": "Join_3"}, {"source": "Map_5", "target": "Map_4"}, {"source": "Map_6", "target": "Map_5"}, {"source": "Data Source_7", "target": "Map_6"}, {"source": "Group by_8", "target": "Group by_9"}, {"source": "Group by_9", "target": "Filter_10"}, {"source": "Filter_10", "target": "Data Sink_11"}]}
