{"directed": true, "multigraph": false, "graph": {"plan_id": "plan_76"}, "nodes": [{"pact": "Data Source", "color": "green", "id": "Data Source_0"}, {"pact": "Join", "color": "lightblue", "id": "Join_1"}, {"pact": "Map", "color": "lightblue", "id": "Map_2"}, {"pact": "Group by", "color": "lightblue", "id": "Group by_3"}, {"pact": "Group by", "color": "lightblue", "id": "Group by_4"}, {"pact": "Data Source", "color": "green", "id": "Data Source_5"}, {"pact": "Group by", "color": "lightblue", "id": "Group by_6"}, {"pact": "Map", "color": "lightblue", "id": "Map_7"}, {"pact": "Map", "color": "lightblue", "id": "Map_8"}, {"pact": "Map", "color": "lightblue", "id": "Map_9"}, {"pact": "Group by", "color": "lightblue", "id": "Group by_10"}, {"pact": "Data Sink", "color": "green", "id": "Data Sink_11"}], "links": [{"source": "Data Source_0", "target": "Join_1"}, {"source": "Join_1", "target": "Group by_6"}, {"source": "Map_2", "target": "Join_1"}, {"source": "Group by_3", "target": "Map_2"}, {"source": "Group by_4", "target": "Group by_3"}, {"source": "Data Source_5", "target": "Group by_4"}, {"source": "Group by_6", "target": "Map_7"}, {"source": "Map_7", "target": "Map_8"}, {"source": "Map_8", "target": "Map_9"}, {"source": "Map_9", "target": "Group by_10"}, {"source": "Group by_10", "target": "Data Sink_11"}]}
