{"directed": true, "multigraph": false, "graph": {"plan_id": "plan_88"}, "nodes": [{"pact": "Data Source", "color": "green", "id": "Data Source_0"}, {"pact": "Map", "color": "lightblue", "id": "Map_1"}, {"pact": "Map", "color": "lightblue", "id": "Map_2"}, {"pact": "Map", "color": "lightblue", "id": "Map_3"}, {"pact": "Partition", "color": "lightblue", "id": "Partition_4"}, {"pact": "Sort-Partition", "color": "lightblue", "id": "Sort-Partition_5"}, {"pact": "Group by", "color": "lightblue", "id": "Group by_6"}, {"pact": "Data Sink", "color": "green", "id": "Data Sink_7"}], "links": [{"source": "Data Source_0", "target": "Map_1"}, {"source": "Map_1", "target": "Map_2"}, {"source": "Map_2", "target": "Map_3"}, {"source": "Map_3", "target": "Partition_4"}, {"source": "Partition_4", "target": "Sort-Partition_5"}, {"source": "Sort-Partition_5", "target": "Group by_6"}, {"source": "Group by_6", "target": "Data Sink_7"}]}
