{"directed": true, "multigraph": false, "graph": {"plan_id": "plan_53"}, "nodes": [{"pact": "Data Source", "color": "green", "id": "Data Source_0"}, {"pact": "Map", "color": "lightblue", "id": "Map_1"}, {"pact": "Map", "color": "lightblue", "id": "Map_2"}, {"pact": "Map", "color": "lightblue", "id": "Map_3"}, {"pact": "Join", "color": "lightblue", "id": "Join_4"}, {"pact": "Map", "color": "lightblue", "id": "Map_5"}, {"pact": "Map", "color": "lightblue", "id": "Map_6"}, {"pact": "Group by", "color": "lightblue", "id": "Group by_7"}, {"pact": "Data Source", "color": "green", "id": "Data Source_8"}, {"pact": "Map", "color": "lightblue", "id": "Map_9"}, {"pact": "Join", "color": "lightblue", "id": "Join_10"}, {"pact": "Filter", "color": "lightblue", "id": "Filter_11"}, {"pact": "Data Source", "color": "green", "id": "Data Source_12"}, {"pact": "Data Sink", "color": "green", "id": "Data Sink_13"}], "links": [{"source": "Data Source_0", "target": "Map_1"}, {"source": "Map_1", "target": "Map_2"}, {"source": "Map_2", "target": "Map_3"}, {"source": "Map_3", "target": "Join_4"}, {"source": "Join_4", "target": "Map_9"}, {"source": "Map_5", "target": "Join_4"}, {"source": "Map_6", "target": "Map_5"}, {"source": "Group by_7", "target": "Map_6"}, {"source": "Data Source_8", "target": "Group by_7"}, {"source": "Map_9", "target": "Join_10"}, {"source": "Join_10", "target": "Data Sink_13"}, {"source": "Filter_11", "target": "Join_10"}, {"source": "Data Source_12", "target": "Filter_11"}]}
