{"directed": true, "multigraph": false, "graph": {"plan_id": "plan_86"}, "nodes": [{"pact": "Data Source", "color": "green", "id": "Data Source_0"}, {"pact": "Join", "color": "lightblue", "id": "Join_1"}, {"pact": "Filter", "color": "lightblue", "id": "Filter_2"}, {"pact": "Data Source", "color": "green", "id": "Data Source_3"}, {"pact": "Map", "color": "lightblue", "id": "Map_4"}, {"pact": "Join", "color": "lightblue", "id": "Join_5"}, {"pact": "Map", "color": "lightblue", "id": "Map_6"}, {"pact": "Map", "color": "lightblue", "id": "Map_7"}, {"pact": "Group by", "color": "lightblue", "id": "Group by_8"}, {"pact": "Data Source", "color": "green", "id": "Data Source_9"}, {"pact": "Map", "color": "lightblue", "id": "Map_10"}, {"pact": "Map", "color": "lightblue", "id": "Map_11"}, {"pact": "Join", "color": "lightblue", "id": "Join_12"}, {"pact": "Map", "color": "lightblue", "id": "Map_13"}, {"pact": "Map", "color": "lightblue", "id": "Map_14"}, {"pact": "Map", "color": "lightblue", "id": "Map_15"}, {"pact": "Data Source", "color": "green", "id": "Data Source_16"}, {"pact": "Data Sink", "color": "green", "id": "Data Sink_17"}], "links": [{"source": "Data Source_0", "target": "Join_1"}, {"source": "Join_1", "target": "Map_4"}, {"source": "Filter_2", "target": "Join_1"}, {"source": "Data Source_3", "target": "Filter_2"}, {"source": "Map_4", "target": "Join_5"}, {"source": "Join_5", "target": "Map_10"}, {"source": "Map_6", "target": "Join_5"}, {"source": "Map_7", "target": "Map_6"}, {"source": "Group by_8", "target": "Map_7"}, {"source": "Data Source_9", "target": "Group by_8"}, {"source": "Map_10", "target": "Map_11"}, {"source": "Map_11", "target": "Join_12"}, {"source": "Join_12", "target": "Data Sink_17"}, {"source": "Map_13", "target": "Join_12"}, {"source": "Map_14", "target": "Map_13"}, {"source": "Map_15", "target": "Map_14"}, {"source": "Data Source_16", "target": "Map_15"}]}
