{"directed": true, "multigraph": false, "graph": {"plan_id": "plan_6"}, "nodes": [{"pact": "Data Source", "color": "green", "id": "Data Source_0"}, {"pact": "Map", "color": "lightblue", "id": "Map_1"}, {"pact": "Join", "color": "lightblue", "id": "Join_2"}, {"pact": "Map", "color": "lightblue", "id": "Map_3"}, {"pact": "Data Source", "color": "green", "id": "Data Source_4"}, {"pact": "Group by", "color": "lightblue", "id": "Group by_5"}, {"pact": "Map", "color": "lightblue", "id": "Map_6"}, {"pact": "Map", "color": "lightblue", "id": "Map_7"}, {"pact": "Join", "color": "lightblue", "id": "Join_8"}, {"pact": "Group by", "color": "lightblue", "id": "Group by_9"}, {"pact": "Map", "color": "lightblue", "id": "Map_10"}, {"pact": "Group by", "color": "lightblue", "id": "Group by_11"}, {"pact": "Data Source", "color": "green", "id": "Data Source_12"}, {"pact": "Data Sink", "color": "green", "id": "Data Sink_13"}], "links": [{"source": "Data Source_0", "target": "Map_1"}, {"source": "Map_1", "target": "Join_2"}, {"source": "Join_2", "target": "Group by_5"}, {"source": "Map_3", "target": "Join_2"}, {"source": "Data Source_4", "target": "Map_3"}, {"source": "Group by_5", "target": "Map_6"}, {"source": "Map_6", "target": "Map_7"}, {"source": "Map_7", "target": "Join_8"}, {"source": "Join_8", "target": "Data Sink_13"}, {"source": "Group by_9", "target": "Join_8"}, {"source": "Map_10", "target": "Group by_9"}, {"source": "Group by_11", "target": "Map_10"}, {"source": "Data Source_12", "target": "Group by_11"}]}
