{"directed": true, "multigraph": false, "graph": {"plan_id": "plan_89"}, "nodes": [{"pact": "Data Source", "color": "green", "id": "Data Source_0"}, {"pact": "Map", "color": "lightblue", "id": "Map_1"}, {"pact": "Join", "color": "lightblue", "id": "Join_2"}, {"pact": "Filter", "color": "lightblue", "id": "Filter_3"}, {"pact": "Data Source", "color": "green", "id": "Data Source_4"}, {"pact": "Map", "color": "lightblue", "id": "Map_5"}, {"pact": "Data Sink", "color": "green", "id": "Data Sink_6"}], "links": [{"source": "Data Source_0", "target": "Map_1"}, {"source": "Map_1", "target": "Join_2"}, {"source": "Join_2", "target": "Map_5"}, {"source": "Filter_3", "target": "Join_2"}, {"source": "Data Source_4", "target": "Filter_3"}, {"source": "Map_5", "target": "Data Sink_6"}]}
