{"directed": true, "multigraph": false, "graph": {"plan_id": "plan_20"}, "nodes": [{"pact": "Data Source", "color": "green", "id": "Data Source_0"}, {"pact": "Map", "color": "lightblue", "id": "Map_1"}, {"pact": "Partition", "color": "lightblue", "id": "Partition_2"}, {"pact": "Sort-Partition", "color": "lightblue", "id": "Sort-Partition_3"}, {"pact": "Group by", "color": "lightblue", "id": "Group by_4"}, {"pact": "Filter", "color": "lightblue", "id": "Filter_5"}, {"pact": "Map", "color": "lightblue", "id": "Map_6"}, {"pact": "Data Sink", "color": "green", "id": "Data Sink_7"}], "links": [{"source": "Data Source_0", "target": "Map_1"}, {"source": "Map_1", "target": "Partition_2"}, {"source": "Partition_2", "target": "Sort-Partition_3"}, {"source": "Sort-Partition_3", "target": "Group by_4"}, {"source": "Group by_4", "target": "Filter_5"}, {"source": "Filter_5", "target": "Map_6"}, {"source": "Map_6", "target": "Data Sink_7"}]}
