{"directed": true, "multigraph": false, "graph": {"plan_id": "plan_54"}, "nodes": [{"pact": "Data Source", "color": "green", "id": "Data Source_0"}, {"pact": "Map", "color": "lightblue", "id": "Map_1"}, {"pact": "Join", "color": "lightblue", "id": "Join_2"}, {"pact": "Filter", "color": "lightblue", "id": "Filter_3"}, {"pact": "Group by", "color": "lightblue", "id": "Group by_4"}, {"pact": "Group by", "color": "lightblue", "id": "Group by_5"}, {"pact": "Data Source", "color": "green", "id": "Data Source_6"}, {"pact": "Reduce", "color": "lightblue", "id": "Reduce_7"}, {"pact": "Reduce", "color": "lightblue", "id": "Reduce_8"}, {"pact": "Reduce", "color": "lightblue", "id": "Reduce_9"}, {"pact": "Reduce", "color": "lightblue", "id": "Reduce_10"}, {"pact": "Data Sink", "color": "green", "id": "Data Sink_11"}], "links": [{"source": "Data Source_0", "target": "Map_1"}, {"source": "Map_1", "target": "Join_2"}, {"source": "Join_2", "target": "Reduce_7"}, {"source": "Filter_3", "target": "Join_2"}, {"source": "Group by_4", "target": "Filter_3"}, {"source": "Group by_5", "target": "Group by_4"}, {"source": "Data Source_6", "target": "Group by_5"}, {"source": "Reduce_7", "target": "Reduce_8"}, {"source": "Reduce_8", "target": "Reduce_9"}, {"source": "Reduce_9", "target": "Reduce_10"}, {"source": "Reduce_10", "target": "Data Sink_11"}]}
