{"directed": true, "multigraph": false, "graph": {"plan_id": "plan_63"}, "nodes": [{"pact": "Data Source", "color": "green", "id": "Data Source_0"}, {"pact": "Map", "color": "lightblue", "id": "Map_1"}, {"pact": "Join", "color": "lightblue", "id": "Join_2"}, {"pact": "Data Source", "color": "green", "id": "Data Source_3"}, {"pact": "Map", "color": "lightblue", "id": "Map_4"}, {"pact": "Group by", "color": "lightblue", "id": "Group by_5"}, {"pact": "Map", "color": "lightblue", "id": "Map_6"}, {"pact": "Join", "color": "lightblue", "id": "Join_7"}, {"pact": "Map", "color": "lightblue", "id": "Map_8"}, {"pact": "Data Source", "color": "green", "id": "Data Source_9"}, {"pact": "Data Sink", "color": "green", "id": "Data Sink_10"}], "links": [{"source": "Data Source_0", "target": "Map_1"}, {"source": "Map_1", "target": "Join_2"}, {"source": "Join_2", "target": "Map_4"}, {"source": "Data Source_3", "target": "Join_2"}, {"source": "Map_4", "target": "Group by_5"}, {"source": "Group by_5", "target": "Map_6"}, {"source": "Map_6", "target": "Join_7"}, {"source": "Join_7", "target": "Data Sink_10"}, {"source": "Map_8", "target": "Join_7"}, {"source": "Data Source_9", "target": "Map_8"}]}
