{"directed": true, "multigraph": false, "graph": {"plan_id": "plan_62"}, "nodes": [{"pact": "Data Source", "color": "green", "id": "Data Source_0"}, {"pact": "Filter", "color": "lightblue", "id": "Filter_1"}, {"pact": "Join", "color": "lightblue", "id": "Join_2"}, {"pact": "Map", "color": "lightblue", "id": "Map_3"}, {"pact": "Group by", "color": "lightblue", "id": "Group by_4"}, {"pact": "Map", "color": "lightblue", "id": "Map_5"}, {"pact": "Data Source", "color": "green", "id": "Data Source_6"}, {"pact": "Join", "color": "lightblue", "id": "Join_7"}, {"pact": "Map", "color": "lightblue", "id": "Map_8"}, {"pact": "Filter", "color": "lightblue", "id": "Filter_9"}, {"pact": "Data Source", "color": "green", "id": "Data Source_10"}, {"pact": "Reduce", "color": "lightblue", "id": "Reduce_11"}, {"pact": "Reduce", "color": "lightblue", "id": "Reduce_12"}, {"pact": "Filter", "color": "lightblue", "id": "Filter_13"}, {"pact": "Data Sink", "color": "green", "id": "Data Sink_14"}], "links": [{"source": "Data Source_0", "target": "Filter_1"}, {"source": "Filter_1", "target": "Join_2"}, {"source": "Join_2", "target": "Join_7"}, {"source": "Map_3", "target": "Join_2"}, {"source": "Group by_4", "target": "Map_3"}, {"source": "Map_5", "target": "Group by_4"}, {"source": "Data Source_6", "target": "Map_5"}, {"source": "Join_7", "target": "Reduce_11"}, {"source": "Map_8", "target": "Join_7"}, {"source": "Filter_9", "target": "Map_8"}, {"source": "Data Source_10", "target": "Filter_9"}, {"source": "Reduce_11", "target": "Reduce_12"}, {"source": "Reduce_12", "target": "Filter_13"}, {"source": "Filter_13", "target": "Data Sink_14"}]}
