{"directed": true, "multigraph": false, "graph": {"plan_id": "plan_56"}, "nodes": [{"pact": "Data Source", "color": "green", "id": "Data Source_0"}, {"pact": "Map", "color": "lightblue", "id": "Map_1"}, {"pact": "Join", "color": "lightblue", "id": "Join_2"}, {"pact": "Map", "color": "lightblue", "id": "Map_3"}, {"pact": "Data Source", "color": "green", "id": "Data Source_4"}, {"pact": "Join", "color": "lightblue", "id": "Join_5"}, {"pact": "Map", "color": "lightblue", "id": "Map_6"}, {"pact": "Filter", "color": "lightblue", "id": "Filter_7"}, {"pact": "Filter", "color": "lightblue", "id": "Filter_8"}, {"pact": "Data Source", "color": "green", "id": "Data Source_9"}, {"pact": "Map", "color": "lightblue", "id": "Map_10"}, {"pact": "Join", "color": "lightblue", "id": "Join_11"}, {"pact": "Group by", "color": "lightblue", "id": "Group by_12"}, {"pact": "Group by", "color": "lightblue", "id": "Group by_13"}, {"pact": "Map", "color": "lightblue", "id": "Map_14"}, {"pact": "Data Source", "color": "green", "id": "Data Source_15"}, {"pact": "Group by", "color": "lightblue", "id": "Group by_16"}, {"pact": "Data Sink", "color": "green", "id": "Data Sink_17"}], "links": [{"source": "Data Source_0", "target": "Map_1"}, {"source": "Map_1", "target": "Join_2"}, {"source": "Join_2", "target": "Join_5"}, {"source": "Map_3", "target": "Join_2"}, {"source": "Data Source_4", "target": "Map_3"}, {"source": "Join_5", "target": "Map_10"}, {"source": "Map_6", "target": "Join_5"}, {"source": "Filter_7", "target": "Map_6"}, {"source": "Filter_8", "target": "Filter_7"}, {"source": "Data Source_9", "target": "Filter_8"}, {"source": "Map_10", "target": "Join_11"}, {"source": "Join_11", "target": "Group by_16"}, {"source": "Group by_12", "target": "Join_11"}, {"source": "Group by_13", "target": "Group by_12"}, {"source": "Map_14", "target": "Group by_13"}, {"source": "Data Source_15", "target": "Map_14"}, {"source": "Group by_16", "target": "Data Sink_17"}]}
