{"directed": true, "multigraph": false, "graph": {"plan_id": "plan_25"}, "nodes": [{"pact": "Data Source", "color": "green", "id": "Data Source_0"}, {"pact": "Map", "color": "lightblue", "id": "Map_1"}, {"pact": "Map", "color": "lightblue", "id": "Map_2"}, {"pact": "Join", "color": "lightblue", "id": "Join_3"}, {"pact": "Filter", "color": "lightblue", "id": "Filter_4"}, {"pact": "Data Source", "color": "green", "id": "Data Source_5"}, {"pact": "Group by", "color": "lightblue", "id": "Group by_6"}, {"pact": "Map", "color": "lightblue", "id": "Map_7"}, {"pact": "Map", "color": "lightblue", "id": "Map_8"}, {"pact": "Data Sink", "color": "green", "id": "Data Sink_9"}], "links": [{"source": "Data Source_0", "target": "Map_1"}, {"source": "Map_1", "target": "Map_2"}, {"source": "Map_2", "target": "Join_3"}, {"source": "Join_3", "target": "Group by_6"}, {"source": "Filter_4", "target": "Join_3"}, {"source": "Data Source_5", "target": "Filter_4"}, {"source": "Group by_6", "target": "Map_7"}, {"source": "Map_7", "target": "Map_8"}, {"source": "Map_8", "target": "Data Sink_9"}]}
