{"directed": true, "multigraph": false, "graph": {"plan_id": "plan_52"}, "nodes": [{"pact": "Data Source", "color": "green", "id": "Data Source_0"}, {"pact": "Map", "color": "lightblue", "id": "Map_1"}, {"pact": "Filter", "color": "lightblue", "id": "Filter_2"}, {"pact": "Join", "color": "lightblue", "id": "Join_3"}, {"pact": "Map", "color": "lightblue", "id": "Map_4"}, {"pact": "Data Source", "color": "green", "id": "Data Source_5"}, {"pact": "Map", "color": "lightblue", "id": "Map_6"}, {"pact": "Filter", "color": "lightblue", "id": "Filter_7"}, {"pact": "Sort-Partition", "color": "lightblue", "id": "Sort-Partition_8"}, {"pact": "Data Sink", "color": "green", "id": "Data Sink_9"}], "links": [{"source": "Data Source_0", "target": "Map_1"}, {"source": "Map_1", "target": "Filter_2"}, {"source": "Filter_2", "target": "Join_3"}, {"source": "Join_3", "target": "Map_6"}, {"source": "Map_4", "target": "Join_3"}, {"source": "Data Source_5", "target": "Map_4"}, {"source": "Map_6", "target": "Filter_7"}, {"source": "Filter_7", "target": "Sort-Partition_8"}, {"source": "Sort-Partition_8", "target": "Data Sink_9"}]}
