{"directed": true, "multigraph": false, "graph": {"plan_id": "plan_77"}, "nodes": [{"pact": "Data Source", "color": "green", "id": "Data Source_0"}, {"pact": "Map", "color": "lightblue", "id": "Map_1"}, {"pact": "Map", "color": "lightblue", "id": "Map_2"}, {"pact": "Map", "color": "lightblue", "id": "Map_3"}, {"pact": "Group by", "color": "lightblue", "id": "Group by_4"}, {"pact": "Group by", "color": "lightblue", "id": "Group by_5"}, {"pact": "Map", "color": "lightblue", "id": "Map_6"}, {"pact": "Data Sink", "color": "green", "id": "Data Sink_7"}], "links": [{"source": "Data Source_0", "target": "Map_1"}, {"source": "Map_1", "target": "Map_2"}, {"source": "Map_2", "target": "Map_3"}, {"source": "Map_3", "target": "Group by_4"}, {"source": "Group by_4", "target": "Group by_5"}, {"source": "Group by_5", "target": "Map_6"}, {"source": "Map_6", "target": "Data Sink_7"}]}
