{"directed": true, "multigraph": false, "graph": {"plan_id": "plan_98"}, "nodes": [{"pact": "Data Source", "color": "green", "id": "Data Source_0"}, {"pact": "Map", "color": "lightblue", "id": "Map_1"}, {"pact": "Map", "color": "lightblue", "id": "Map_2"}, {"pact": "Join", "color": "lightblue", "id": "Join_3"}, {"pact": "Map", "color": "lightblue", "id": "Map_4"}, {"pact": "Data Source", "color": "green", "id": "Data Source_5"}, {"pact": "Map", "color": "lightblue", "id": "Map_6"}, {"pact": "Join", "color": "lightblue", "id": "Join_7"}, {"pact": "Group by", "color": "lightblue", "id": "Group by_8"}, {"pact": "Group by", "color": "lightblue", "id": "Group by_9"}, {"pact": "Map", "color": "lightblue", "id": "Map_10"}, {"pact": "Data Source", "color": "green", "id": "Data Source_11"}, {"pact": "Join", "color": "lightblue", "id": "Join_12"}, {"pact": "Map", "color": "lightblue", "id": "Map_13"}, {"pact": "Sort-Partition", "color": "lightblue", "id": "Sort-Partition_14"}, {"pact": "Partition", "color": "lightblue", "id": "Partition_15"}, {"pact": "Data Source", "color": "green", "id": "Data Source_16"}, {"pact": "Data Sink", "color": "green", "id": "Data Sink_17"}], "links": [{"source": "Data Source_0", "target": "Map_1"}, {"source": "Map_1", "target": "Map_2"}, {"source": "Map_2", "target": "Join_3"}, {"source": "Join_3", "target": "Map_6"}, {"source": "Map_4", "target": "Join_3"}, {"source": "Data Source_5", "target": "Map_4"}, {"source": "Map_6", "target": "Join_7"}, {"source": "Join_7", "target": "Join_12"}, {"source": "Group by_8", "target": "Join_7"}, {"source": "Group by_9", "target": "Group by_8"}, {"source": "Map_10", "target": "Group by_9"}, {"source": "Data Source_11", "target": "Map_10"}, {"source": "Join_12", "target": "Data Sink_17"}, {"source": "Map_13", "target": "Join_12"}, {"source": "Sort-Partition_14", "target": "Map_13"}, {"source": "Partition_15", "target": "Sort-Partition_14"}, {"source": "Data Source_16", "target": "Partition_15"}]}
