{"directed": true, "multigraph": false, "graph": {"plan_id": "plan_9"}, "nodes": [{"pact": "Data Source", "color": "green", "id": "Data Source_0"}, {"pact": "Filter", "color": "lightblue", "id": "Filter_1"}, {"pact": "Join", "color": "lightblue", "id": "Join_2"}, {"pact": "Map", "color": "lightblue", "id": "Map_3"}, {"pact": "Data Source", "color": "green", "id": "Data Source_4"}, {"pact": "Group by", "color": "lightblue", "id": "Group by_5"}, {"pact": "Group by", "color": "lightblue", "id": "Group by_6"}, {"pact": "Join", "color": "lightblue", "id": "Join_7"}, {"pact": "Filter", "color": "lightblue", "id": "Filter_8"}, {"pact": "Data Source", "color": "green", "id": "Data Source_9"}, {"pact": "Join", "color": "lightblue", "id": "Join_10"}, {"pact": "Filter", "color": "lightblue", "id": "Filter_11"}, {"pact": "Map", "color": "lightblue", "id": "Map_12"}, {"pact": "Reduce", "color": "lightblue", "id": "Reduce_13"}, {"pact": "Data Source", "color": "green", "id": "Data Source_14"}, {"pact": "Data Sink", "color": "green", "id": "Data Sink_15"}], "links": [{"source": "Data Source_0", "target": "Filter_1"}, {"source": "Filter_1", "target": "Join_2"}, {"source": "Join_2", "target": "Group by_5"}, {"source": "Map_3", "target": "Join_2"}, {"source": "Data Source_4", "target": "Map_3"}, {"source": "Group by_5", "target": "Group by_6"}, {"source": "Group by_6", "target": "Join_7"}, {"source": "Join_7", "target": "Join_10"}, {"source": "Filter_8", "target": "Join_7"}, {"source": "Data Source_9", "target": "Filter_8"}, {"source": "Join_10", "target": "Data Sink_15"}, {"source": "Filter_11", "target": "Join_10"}, {"source": "Map_12", "target": "Filter_11"}, {"source": "Reduce_13", "target": "Map_12"}, {"source": "Data Source_14", "target": "Reduce_13"}]}
