{"directed": true, "multigraph": false, "graph": {"plan_id": "plan_0"}, "nodes": [{"pact": "Data Source", "color": "green", "id": "Data Source_0"}, {"pact": "Map", "color": "lightblue", "id": "Map_1"}, {"pact": "Map", "color": "lightblue", "id": "Map_2"}, {"pact": "Map", "color": "lightblue", "id": "Map_3"}, {"pact": "Map", "color": "lightblue", "id": "Map_4"}, {"pact": "Join", "color": "lightblue", "id": "Join_5"}, {"pact": "Map", "color": "lightblue", "id": "Map_6"}, {"pact": "Group by", "color": "lightblue", "id": "Group by_7"}, {"pact": "Map", "color": "lightblue", "id": "Map_8"}, {"pact": "Data Source", "color": "green", "id": "Data Source_9"}, {"pact": "Reduce", "color": "lightblue", "id": "Reduce_10"}, {"pact": "Data Sink", "color": "green", "id": "Data Sink_11"}], "links": [{"source": "Data Source_0", "target": "Map_1"}, {"source": "Map_1", "target": "Map_2"}, {"source": "Map_2", "target": "Map_3"}, {"source": "Map_3", "target": "Map_4"}, {"source": "Map_4", "target": "Join_5"}, {"source": "Join_5", "target": "Reduce_10"}, {"source": "Map_6", "target": "Join_5"}, {"source": "Group by_7", "target": "Map_6"}, {"source": "Map_8", "target": "Group by_7"}, {"source": "Data Source_9", "target": "Map_8"}, {"source": "Reduce_10", "target": "Data Sink_11"}]}
