{"directed": true, "multigraph": false, "graph": {"plan_id": "plan_80"}, "nodes": [{"pact": "Data Source", "color": "green", "id": "Data Source_0"}, {"pact": "Map", "color": "lightblue", "id": "Map_1"}, {"pact": "Map", "color": "lightblue", "id": "Map_2"}, {"pact": "Join", "color": "lightblue", "id": "Join_3"}, {"pact": "Map", "color": "lightblue", "id": "Map_4"}, {"pact": "Map", "color": "lightblue", "id": "Map_5"}, {"pact": "Map", "color": "lightblue", "id": "Map_6"}, {"pact": "Data Source", "color": "green", "id": "Data Source_7"}, {"pact": "Join", "color": "lightblue", "id": "Join_8"}, {"pact": "Group by", "color": "lightblue", "id": "Group by_9"}, {"pact": "Group by", "color": "lightblue", "id": "Group by_10"}, {"pact": "Group by", "color": "lightblue", "id": "Group by_11"}, {"pact": "Data Source", "color": "green", "id": "Data Source_12"}, {"pact": "Reduce", "color": "lightblue", "id": "Reduce_13"}, {"pact": "Join", "color": "lightblue", "id": "Join_14"}, {"pact": "Filter", "color": "lightblue", "id": "Filter_15"}, {"pact": "Group by", "color": "lightblue", "id": "Group by_16"}, {"pact": "Map", "color": "lightblue", "id": "Map_17"}, {"pact": "Data Source", "color": "green", "id": "Data Source_18"}, {"pact": "Data Sink", "color": "green", "id": "Data Sink_19"}], "links": [{"source": "Data Source_0", "target": "Map_1"}, {"source": "Map_1", "target": "Map_2"}, {"source": "Map_2", "target": "Join_3"}, {"source": "Join_3", "target": "Join_8"}, {"source": "Map_4", "target": "Join_3"}, {"source": "Map_5", "target": "Map_4"}, {"source": "Map_6", "target": "Map_5"}, {"source": "Data Source_7", "target": "Map_6"}, {"source": "Join_8", "target": "Reduce_13"}, {"source": "Group by_9", "target": "Join_8"}, {"source": "Group by_10", "target": "Group by_9"}, {"source": "Group by_11", "target": "Group by_10"}, {"source": "Data Source_12", "target": "Group by_11"}, {"source": "Reduce_13", "target": "Join_14"}, {"source": "Join_14", "target": "Data Sink_19"}, {"source": "Filter_15", "target": "Join_14"}, {"source": "Group by_16", "target": "Filter_15"}, {"source": "Map_17", "target": "Group by_16"}, {"source": "Data Source_18", "target": "Map_17"}]}
