{"directed": true, "multigraph": false, "graph": {"plan_id": "plan_90"}, "nodes": [{"pact": "Data Source", "color": "green", "id": "Data Source_0"}, {"pact": "Filter", "color": "lightblue", "id": "Filter_1"}, {"pact": "Join", "color": "lightblue", "id": "Join_2"}, {"pact": "Reduce", "color": "lightblue", "id": "Reduce_3"}, {"pact": "Reduce", "color": "lightblue", "id": "Reduce_4"}, {"pact": "Map", "color": "lightblue", "id": "Map_5"}, {"pact": "Data Source", "color": "green", "id": "Data Source_6"}, {"pact": "Join", "color": "lightblue", "id": "Join_7"}, {"pact": "Group by", "color": "lightblue", "id": "Group by_8"}, {"pact": "Map", "color": "lightblue", "id": "Map_9"}, {"pact": "Filter", "color": "lightblue", "id": "Filter_10"}, {"pact": "Data Source", "color": "green", "id": "Data Source_11"}, {"pact": "Map", "color": "lightblue", "id": "Map_12"}, {"pact": "Map", "color": "lightblue", "id": "Map_13"}, {"pact": "Map", "color": "lightblue", "id": "Map_14"}, {"pact": "Data Sink", "color": "green", "id": "Data Sink_15"}], "links": [{"source": "Data Source_0", "target": "Filter_1"}, {"source": "Filter_1", "target": "Join_2"}, {"source": "Join_2", "target": "Join_7"}, {"source": "Reduce_3", "target": "Join_2"}, {"source": "Reduce_4", "target": "Reduce_3"}, {"source": "Map_5", "target": "Reduce_4"}, {"source": "Data Source_6", "target": "Map_5"}, {"source": "Join_7", "target": "Map_12"}, {"source": "Group by_8", "target": "Join_7"}, {"source": "Map_9", "target": "Group by_8"}, {"source": "Filter_10", "target": "Map_9"}, {"source": "Data Source_11", "target": "Filter_10"}, {"source": "Map_12", "target": "Map_13"}, {"source": "Map_13", "target": "Map_14"}, {"source": "Map_14", "target": "Data Sink_15"}]}
