{"directed": true, "multigraph": false, "graph": {"plan_id": "plan_68"}, "nodes": [{"pact": "Data Source", "color": "green", "id": "Data Source_0"}, {"pact": "Join", "color": "lightblue", "id": "Join_1"}, {"pact": "Data Source", "color": "green", "id": "Data Source_2"}, {"pact": "Map", "color": "lightblue", "id": "Map_3"}, {"pact": "Group by", "color": "lightblue", "id": "Group by_4"}, {"pact": "Map", "color": "lightblue", "id": "Map_5"}, {"pact": "Join", "color": "lightblue", "id": "Join_6"}, {"pact": "Map", "color": "lightblue", "id": "Map_7"}, {"pact": "Data Source", "color": "green", "id": "Data Source_8"}, {"pact": "Map", "color": "lightblue", "id": "Map_9"}, {"pact": "Data Sink", "color": "green", "id": "Data Sink_10"}], "links": [{"source": "Data Source_0", "target": "Join_1"}, {"source": "Join_1", "target": "Map_3"}, {"source": "Data Source_2", "target": "Join_1"}, {"source": "Map_3", "target": "Group by_4"}, {"source": "Group by_4", "target": "Map_5"}, {"source": "Map_5", "target": "Join_6"}, {"source": "Join_6", "target": "Map_9"}, {"source": "Map_7", "target": "Join_6"}, {"source": "Data Source_8", "target": "Map_7"}, {"source": "Map_9", "target": "Data Sink_10"}]}
