{"directed": true, "multigraph": false, "graph": {"plan_id": "plan_11"}, "nodes": [{"pact": "Data Source", "color": "green", "id": "Data Source_0"}, {"pact": "Join", "color": "lightblue", "id": "Join_1"}, {"pact": "Data Source", "color": "green", "id": "Data Source_2"}, {"pact": "Map", "color": "lightblue", "id": "Map_3"}, {"pact": "Map", "color": "lightblue", "id": "Map_4"}, {"pact": "Join", "color": "lightblue", "id": "Join_5"}, {"pact": "Map", "color": "lightblue", "id": "Map_6"}, {"pact": "Data Source", "color": "green", "id": "Data Source_7"}, {"pact": "Map", "color": "lightblue", "id": "Map_8"}, {"pact": "Reduce", "color": "lightblue", "id": "Reduce_9"}, {"pact": "Data Sink", "color": "green", "id": "Data Sink_10"}], "links": [{"source": "Data Source_0", "target": "Join_1"}, {"source": "Join_1", "target": "Map_3"}, {"source": "Data Source_2", "target": "Join_1"}, {"source": "Map_3", "target": "Map_4"}, {"source": "Map_4", "target": "Join_5"}, {"source": "Join_5", "target": "Map_8"}, {"source": "Map_6", "target": "Join_5"}, {"source": "Data Source_7", "target": "Map_6"}, {"source": "Map_8", "target": "Reduce_9"}, {"source": "Reduce_9", "target": "Data Sink_10"}]}
