{"directed": true, "multigraph": false, "graph": {"plan_id": "plan_83"}, "nodes": [{"pact": "Data Source", "color": "green", "id": "Data Source_0"}, {"pact": "Join", "color": "lightblue", "id": "Join_1"}, {"pact": "Map", "color": "lightblue", "id": "Map_2"}, {"pact": "Map", "color": "lightblue", "id": "Map_3"}, {"pact": "Map", "color": "lightblue", "id": "Map_4"}, {"pact": "Data Source", "color": "green", "id": "Data Source_5"}, {"pact": "Map", "color": "lightblue", "id": "Map_6"}, {"pact": "Join", "color": "lightblue", "id": "Join_7"}, {"pact": "Map", "color": "lightblue", "id": "Map_8"}, {"pact": "Group by", "color": "lightblue", "id": "Group by_9"}, {"pact": "Group by", "color": "lightblue", "id": "Group by_10"}, {"pact": "Data Source", "color": "green", "id": "Data Source_11"}, {"pact": "Map", "color": "lightblue", "id": "Map_12"}, {"pact": "Filter", "color": "lightblue", "id": "Filter_13"}, {"pact": "Join", "color": "lightblue", "id": "Join_14"}, {"pact": "Map", "color": "lightblue", "id": "Map_15"}, {"pact": "Data Source", "color": "green", "id": "Data Source_16"}, {"pact": "Data Sink", "color": "green", "id": "Data Sink_17"}], "links": [{"source": "Data Source_0", "target": "Join_1"}, {"source": "Join_1", "target": "Map_6"}, {"source": "Map_2", "target": "Join_1"}, {"source": "Map_3", "target": "Map_2"}, {"source": "Map_4", "target": "Map_3"}, {"source": "Data Source_5", "target": "Map_4"}, {"source": "Map_6", "target": "Join_7"}, {"source": "Join_7", "target": "Map_12"}, {"source": "Map_8", "target": "Join_7"}, {"source": "Group by_9", "target": "Map_8"}, {"source": "Group by_10", "target": "Group by_9"}, {"source": "Data Source_11", "target": "Group by_10"}, {"source": "Map_12", "target": "Filter_13"}, {"source": "Filter_13", "target": "Join_14"}, {"source": "Join_14", "target": "Data Sink_17"}, {"source": "Map_15", "target": "Join_14"}, {"source": "Data Source_16", "target": "Map_15"}]}
