{"directed": true, "multigraph": false, "graph": {"plan_id": "plan_92"}, "nodes": [{"pact": "Data Source", "color": "green", "id": "Data Source_0"}, {"pact": "Map", "color": "lightblue", "id": "Map_1"}, {"pact": "Map", "color": "lightblue", "id": "Map_2"}, {"pact": "Join", "color": "lightblue", "id": "Join_3"}, {"pact": "Map", "color": "lightblue", "id": "Map_4"}, {"pact": "Data Source", "color": "green", "id": "Data Source_5"}, {"pact": "Map", "color": "lightblue", "id": "Map_6"}, {"pact": "Join", "color": "lightblue", "id": "Join_7"}, {"pact": "Map", "color": "lightblue", "id": "Map_8"}, {"pact": "Group by", "color": "lightblue", "id": "Group by_9"}, {"pact": "Sort-Partition", "color": "lightblue", "id": "Sort-Partition_10"}, {"pact": "Data Source", "color": "green", "id": "Data Source_11"}, {"pact": "Map", "color": "lightblue", "id": "Map_12"}, {"pact": "Data Sink", "color": "green", "id": "Data Sink_13"}], "links": [{"source": "Data Source_0", "target": "Map_1"}, {"source": "Map_1", "target": "Map_2"}, {"source": "Map_2", "target": "Join_3"}, {"source": "Join_3", "target": "Map_6"}, {"source": "Map_4", "target": "Join_3"}, {"source": "Data Source_5", "target": "Map_4"}, {"source": "Map_6", "target": "Join_7"}, {"source": "Join_7", "target": "Map_12"}, {"source": "Map_8", "target": "Join_7"}, {"source": "Group by_9", "target": "Map_8"}, {"source": "Sort-Partition_10", "target": "Group by_9"}, {"source": "Data Source_11", "target": "Sort-Partition_10"}, {"source": "Map_12", "target": "Data Sink_13"}]}
