{"directed": true, "multigraph": false, "graph": {"plan_id": "plan_59"}, "nodes": [{"pact": "Data Source", "color": "green", "id": "Data Source_0"}, {"pact": "Map", "color": "lightblue", "id": "Map_1"}, {"pact": "Group by", "color": "lightblue", "id": "Group by_2"}, {"pact": "Map", "color": "lightblue", "id": "Map_3"}, {"pact": "Group by", "color": "lightblue", "id": "Group by_4"}, {"pact": "Map", "color": "lightblue", "id": "Map_5"}, {"pact": "Join", "color": "lightblue", "id": "Join_6"}, {"pact": "Filter", "color": "lightblue", "id": "Filter_7"}, {"pact": "Group by", "color": "lightblue", "id": "Group by_8"}, {"pact": "Group by", "color": "lightblue", "id": "Group by_9"}, {"pact": "Data Source", "color": "green", "id": "Data Source_10"}, {"pact": "Data Sink", "color": "green", "id": "Data Sink_11"}], "links": [{"source": "Data Source_0", "target": "Map_1"}, {"source": "Map_1", "target": "Group by_2"}, {"source": "Group by_2", "target": "Map_3"}, {"source": "Map_3", "target": "Group by_4"}, {"source": "Group by_4", "target": "Map_5"}, {"source": "Map_5", "target": "Join_6"}, {"source": "Join_6", "target": "Data Sink_11"}, {"source": "Filter_7", "target": "Join_6"}, {"source": "Group by_8", "target": "Filter_7"}, {"source": "Group by_9", "target": "Group by_8"}, {"source": "Data Source_10", "target": "Group by_9"}]}
