{"directed": true, "multigraph": false, "graph": {"plan_id": "plan_82"}, "nodes": [{"pact": "Data Source", "color": "green", "id": "Data Source_0"}, {"pact": "Join", "color": "lightblue", "id": "Join_1"}, {"pact": "Map", "color": "lightblue", "id": "Map_2"}, {"pact": "Map", "color": "lightblue", "id": "Map_3"}, {"pact": "Map", "color": "lightblue", "id": "Map_4"}, {"pact": "Data Source", "color": "green", "id": "Data Source_5"}, {"pact": "Map", "color": "lightblue", "id": "Map_6"}, {"pact": "Reduce", "color": "lightblue", "id": "Reduce_7"}, {"pact": "Sort-Partition", "color": "lightblue", "id": "Sort-Partition_8"}, {"pact": "Group by", "color": "lightblue", "id": "Group by_9"}, {"pact": "Group by", "color": "lightblue", "id": "Group by_10"}, {"pact": "Data Sink", "color": "green", "id": "Data Sink_11"}], "links": [{"source": "Data Source_0", "target": "Join_1"}, {"source": "Join_1", "target": "Map_6"}, {"source": "Map_2", "target": "Join_1"}, {"source": "Map_3", "target": "Map_2"}, {"source": "Map_4", "target": "Map_3"}, {"source": "Data Source_5", "target": "Map_4"}, {"source": "Map_6", "target": "Reduce_7"}, {"source": "Reduce_7", "target": "Sort-Partition_8"}, {"source": "Sort-Partition_8", "target": "Group by_9"}, {"source": "Group by_9", "target": "Group by_10"}, {"source": "Group by_10", "target": "Data Sink_11"}]}
