{"directed": true, "multigraph": false, "graph": {"plan_id": "plan_66"}, "nodes": [{"pact": "Data Source", "color": "green", "id": "Data Source_0"}, {"pact": "Filter", "color": "lightblue", "id": "Filter_1"}, {"pact": "Join", "color": "lightblue", "id": "Join_2"}, {"pact": "Map", "color": "lightblue", "id": "Map_3"}, {"pact": "Data Source", "color": "green", "id": "Data Source_4"}, {"pact": "Join", "color": "lightblue", "id": "Join_5"}, {"pact": "Map", "color": "lightblue", "id": "Map_6"}, {"pact": "Data Source", "color": "green", "id": "Data Source_7"}, {"pact": "Map", "color": "lightblue", "id": "Map_8"}, {"pact": "Join", "color": "lightblue", "id": "Join_9"}, {"pact": "Data Source", "color": "green", "id": "Data Source_10"}, {"pact": "Map", "color": "lightblue", "id": "Map_11"}, {"pact": "Data Sink", "color": "green", "id": "Data Sink_12"}], "links": [{"source": "Data Source_0", "target": "Filter_1"}, {"source": "Filter_1", "target": "Join_2"}, {"source": "Join_2", "target": "Join_5"}, {"source": "Map_3", "target": "Join_2"}, {"source": "Data Source_4", "target": "Map_3"}, {"source": "Join_5", "target": "Map_8"}, {"source": "Map_6", "target": "Join_5"}, {"source": "Data Source_7", "target": "Map_6"}, {"source": "Map_8", "target": "Join_9"}, {"source": "Join_9", "target": "Map_11"}, {"source": "Data Source_10", "target": "Join_9"}, {"source": "Map_11", "target": "Data Sink_12"}]}
