{"directed": true, "multigraph": false, "graph": {"plan_id": "plan_35"}, "nodes": [{"pact": "Data Source", "color": "green", "id": "Data Source_0"}, {"pact": "Map", "color": "lightblue", "id": "Map_1"}, {"pact": "Join", "color": "lightblue", "id": "Join_2"}, {"pact": "Filter", "color": "lightblue", "id": "Filter_3"}, {"pact": "Data Source", "color": "green", "id": "Data Source_4"}, {"pact": "Map", "color": "lightblue", "id": "Map_5"}, {"pact": "Group by", "color": "lightblue", "id": "Group by_6"}, {"pact": "Map", "color": "lightblue", "id": "Map_7"}, {"pact": "Join", "color": "lightblue", "id": "Join_8"}, {"pact": "Map", "color": "lightblue", "id": "Map_9"}, {"pact": "Map", "color": "lightblue", "id": "Map_10"}, {"pact": "Map", "color": "lightblue", "id": "Map_11"}, {"pact": "Data Source", "color": "green", "id": "Data Source_12"}, {"pact": "Data Sink", "color": "green", "id": "Data Sink_13"}], "links": [{"source": "Data Source_0", "target": "Map_1"}, {"source": "Map_1", "target": "Join_2"}, {"source": "Join_2", "target": "Map_5"}, {"source": "Filter_3", "target": "Join_2"}, {"source": "Data Source_4", "target": "Filter_3"}, {"source": "Map_5", "target": "Group by_6"}, {"source": "Group by_6", "target": "Map_7"}, {"source": "Map_7", "target": "Join_8"}, {"source": "Join_8", "target": "Data Sink_13"}, {"source": "Map_9", "target": "Join_8"}, {"source": "Map_10", "target": "Map_9"}, {"source": "Map_11", "target": "Map_10"}, {"source": "Data Source_12", "target": "Map_11"}]}
