{"directed": true, "multigraph": false, "graph": {"plan_id": "plan_45"}, "nodes": [{"pact": "Data Source", "color": "green", "id": "Data Source_0"}, {"pact": "Map", "color": "lightblue", "id": "Map_1"}, {"pact": "Map", "color": "lightblue", "id": "Map_2"}, {"pact": "Join", "color": "lightblue", "id": "Join_3"}, {"pact": "Data Source", "color": "green", "id": "Data Source_4"}, {"pact": "Map", "color": "lightblue", "id": "Map_5"}, {"pact": "Map", "color": "lightblue", "id": "Map_6"}, {"pact": "Filter", "color": "lightblue", "id": "Filter_7"}, {"pact": "Data Sink", "color": "green", "id": "Data Sink_8"}], "links": [{"source": "Data Source_0", "target": "Map_1"}, {"source": "Map_1", "target": "Map_2"}, {"source": "Map_2", "target": "Join_3"}, {"source": "Join_3", "target": "Map_5"}, {"source": "Data Source_4", "target": "Join_3"}, {"source": "Map_5", "target": "Map_6"}, {"source": "Map_6", "target": "Filter_7"}, {"source": "Filter_7", "target": "Data Sink_8"}]}
