{"directed": true, "multigraph": false, "graph": {"plan_id": "plan_7"}, "nodes": [{"pact": "Data Source", "color": "green", "id": "Data Source_0"}, {"pact": "Filter", "color": "lightblue", "id": "Filter_1"}, {"pact": "Map", "color": "lightblue", "id": "Map_2"}, {"pact": "Map", "color": "lightblue", "id": "Map_3"}, {"pact": "Map", "color": "lightblue", "id": "Map_4"}, {"pact": "Reduce", "color": "lightblue", "id": "Reduce_5"}, {"pact": "Reduce", "color": "lightblue", "id": "Reduce_6"}, {"pact": "Data Sink", "color": "green", "id": "Data Sink_7"}], "links": [{"source": "Data Source_0", "target": "Filter_1"}, {"source": "Filter_1", "target": "Map_2"}, {"source": "Map_2", "target": "Map_3"}, {"source": "Map_3", "target": "Map_4"}, {"source": "Map_4", "target": "Reduce_5"}, {"source": "Reduce_5", "target": "Reduce_6"}, {"source": "Reduce_6", "target": "Data Sink_7"}]}
