{"directed": true, "multigraph": false, "graph": {"plan_id": "plan_24"}, "nodes": [{"pact": "Data Source", "color": "green", "id": "Data Source_0"}, {"pact": "Map", "color": "lightblue", "id": "Map_1"}, {"pact": "Map", "color": "lightblue", "id": "Map_2"}, {"pact": "Sort-Partition", "color": "lightblue", "id": "Sort-Partition_3"}, {"pact": "Data Sink", "color": "green", "id": "Data Sink_4"}], "links": [{"source": "Data Source_0", "target": "Map_1"}, {"source": "Map_1", "target": "Map_2"}, {"source": "Map_2", "target": "Sort-Partition_3"}, {"source": "Sort-Partition_3", "target": "Data Sink_4"}]}
