{"directed": true, "multigraph": false, "graph": {"plan_id": "plan_30"}, "nodes": [{"pact": "Data Source", "color": "green", "id": "Data Source_0"}, {"pact": "Map", "color": "lightblue", "id": "Map_1"}, {"pact": "Join", "color": "lightblue", "id": "Join_2"}, {"pact": "Map", "color": "lightblue", "id": "Map_3"}, {"pact": "Data Source", "color": "green", "id": "Data Source_4"}, {"pact": "Reduce", "color": "lightblue", "id": "Reduce_5"}, {"pact": "Map", "color": "lightblue", "id": "Map_6"}, {"pact": "Reduce", "color": "lightblue", "id": "Reduce_7"}, {"pact": "Map", "color": "lightblue", "id": "Map_8"}, {"pact": "Data Sink", "color": "green", "id": "Data Sink_9"}], "links": [{"source": "Data Source_0", "target": "Map_1"}, {"source": "Map_1", "target": "Join_2"}, {"source": "Join_2", "target": "Reduce_5"}, {"source": "Map_3", "target": "Join_2"}, {"source": "Data Source_4", "target": "Map_3"}, {"source": "Reduce_5", "target": "Map_6"}, {"source": "Map_6", "target": "Reduce_7"}, {"source": "Reduce_7", "target": "Map_8"}, {"source": "Map_8", "target": "Data Sink_9"}]}
