{"directed": true, "multigraph": false, "graph": {"plan_id": "plan_34"}, "nodes": [{"pact": "Data Source", "color": "green", "id": "Data Source_0"}, {"pact": "Filter", "color": "lightblue", "id": "Filter_1"}, {"pact": "Map", "color": "lightblue", "id": "Map_2"}, {"pact": "Group by", "color": "lightblue", "id": "Group by_3"}, {"pact": "Map", "color": "lightblue", "id": "Map_4"}, {"pact": "Data Sink", "color": "green", "id": "Data Sink_5"}], "links": [{"source": "Data Source_0", "target": "Filter_1"}, {"source": "Filter_1", "target": "Map_2"}, {"source": "Map_2", "target": "Group by_3"}, {"source": "Group by_3", "target": "Map_4"}, {"source": "Map_4", "target": "Data Sink_5"}]}
