{
	"dataPath": "hdfs://cloud-7:44000/user/researchuser7/tpc-h/1GB/",
	"execPlanOutPath": "/home/researchuser7/Experiment5/generated_jobs_exec_plans/1GB/",
	"execute": "true",
	"local": "false",
	"heap_size": "-1",
	"netRunTime": 5407,
	"environmentConfig": "{taskmanager.memory.process.size=25600m, execution.savepoint.ignore-unclaimed-state=false, execution.attached=true, execution.shutdown-on-attached-exit=false, pipeline.jars=[file:/home/researchuser7/Experiment5/generated_jobs/Job31v7/target/scala-2.11/Job31v7.jar], parallelism.default=16, jobmanager.execution.failover-strategy=region, jobmanager.rpc.address=cloud-7, taskmanager.numberOfTaskSlots=4, execution.target=remote, jobmanager.rpc.port=6123, jobmanager.heap.size=5120m}",
	"executionConfig": "ExecutionConfig{executionMode=PIPELINED, closureCleanerLevel=RECURSIVE, parallelism=16, maxParallelism=-1, numberOfExecutionRetries=-1, forceKryo=false, disableGenericTypes=false, enableAutoGeneratedUids=true, objectReuse=false, autoTypeRegistrationEnabled=true, forceAvro=false, codeAnalysisMode=DISABLE, autoWatermarkInterval=0, latencyTrackingInterval=0, isLatencyTrackingConfigured=false, executionRetryDelay=10000, restartStrategyConfiguration=Cluster level default restart strategy, taskCancellationIntervalMillis=-1, taskCancellationTimeoutMillis=-1, useSnapshotCompression=false, failTaskOnCheckpointError=true, defaultInputDependencyConstraint=ANY, globalJobParameters=org.apache.flink.api.common.ExecutionConfig$GlobalJobParameters@1, registeredTypesWithKryoSerializers={}, registeredTypesWithKryoSerializerClasses={}, defaultKryoSerializers={}, defaultKryoSerializerClasses={}, registeredKryoTypes=[], registeredPojoTypes=[]}",
	"executionPlan": {
	"nodes": [

	{
		"id": 7,
		"type": "source",
		"pact": "Data Source",
		"contents": "at Job31v7$.run(Job31v7.scala:22) (org.apache.flink.api.java.io.TupleCsvInputFormat)",
		"parallelism": "16",
		"global_properties": [
			{ "name": "Partitioning", "value": "RANDOM_PARTITIONED" },
			{ "name": "Partitioning Order", "value": "(none)" },
			{ "name": "Uniqueness", "value": "not unique" }
		],
		"local_properties": [
			{ "name": "Order", "value": "(none)" },
			{ "name": "Grouping", "value": "not grouped" },
			{ "name": "Uniqueness", "value": "not unique" }
		],
		"estimates": [
			{ "name": "Est. Output Size", "value": "1.40 M" },
			{ "name": "Est. Cardinality", "value": "9.03 K" }		],
		"costs": [
			{ "name": "Network", "value": "0.0" },
			{ "name": "Disk I/O", "value": "1.40 M" },
			{ "name": "CPU", "value": "0.0" },
			{ "name": "Cumulative Network", "value": "0.0" },
			{ "name": "Cumulative Disk I/O", "value": "1.40 M" },
			{ "name": "Cumulative CPU", "value": "0.0" }
		],
		"compiler_hints": [
			{ "name": "Output Size (bytes)", "value": "(none)" },
			{ "name": "Output Cardinality", "value": "(none)" },
			{ "name": "Avg. Output Record Size (bytes)", "value": "(none)" },
			{ "name": "Filter Factor", "value": "(none)" }		]
	},
	{
		"id": 12,
		"type": "source",
		"pact": "Data Source",
		"contents": "at Job31v7$.run(Job31v7.scala:23) (org.apache.flink.api.java.io.TupleCsvInputFormat)",
		"parallelism": "16",
		"global_properties": [
			{ "name": "Partitioning", "value": "RANDOM_PARTITIONED" },
			{ "name": "Partitioning Order", "value": "(none)" },
			{ "name": "Uniqueness", "value": "not unique" }
		],
		"local_properties": [
			{ "name": "Order", "value": "(none)" },
			{ "name": "Grouping", "value": "not grouped" },
			{ "name": "Uniqueness", "value": "not unique" }
		],
		"estimates": [
			{ "name": "Est. Output Size", "value": "118.18 M" },
			{ "name": "Est. Cardinality", "value": "765.94 K" }		],
		"costs": [
			{ "name": "Network", "value": "0.0" },
			{ "name": "Disk I/O", "value": "118.18 M" },
			{ "name": "CPU", "value": "0.0" },
			{ "name": "Cumulative Network", "value": "0.0" },
			{ "name": "Cumulative Disk I/O", "value": "118.18 M" },
			{ "name": "Cumulative CPU", "value": "0.0" }
		],
		"compiler_hints": [
			{ "name": "Output Size (bytes)", "value": "(none)" },
			{ "name": "Output Cardinality", "value": "(none)" },
			{ "name": "Avg. Output Record Size (bytes)", "value": "(none)" },
			{ "name": "Filter Factor", "value": "(none)" }		]
	},
	{
		"id": 11,
		"type": "pact",
		"pact": "Reduce",
		"contents": "Reduce at Job31v7$.run(Job31v7.scala:25)",
		"parallelism": "16",
		"predecessors": [
			{"id": 12, "ship_strategy": "Forward", "exchange_mode": "PIPELINED"}
		],
		"driver_strategy": "Sorted Combine/Reduce",
		"global_properties": [
			{ "name": "Partitioning", "value": "RANDOM_PARTITIONED" },
			{ "name": "Partitioning Order", "value": "(none)" },
			{ "name": "Uniqueness", "value": "not unique" }
		],
		"local_properties": [
			{ "name": "Order", "value": "(none)" },
			{ "name": "Grouping", "value": "not grouped" },
			{ "name": "Uniqueness", "value": "not unique" }
		],
		"estimates": [
			{ "name": "Est. Output Size", "value": "118.18 M" },
			{ "name": "Est. Cardinality", "value": "765.94 K" }		],
		"costs": [
			{ "name": "Network", "value": "0.0" },
			{ "name": "Disk I/O", "value": "0.0" },
			{ "name": "CPU", "value": "0.0" },
			{ "name": "Cumulative Network", "value": "0.0" },
			{ "name": "Cumulative Disk I/O", "value": "118.18 M" },
			{ "name": "Cumulative CPU", "value": "0.0" }
		],
		"compiler_hints": [
			{ "name": "Output Size (bytes)", "value": "(none)" },
			{ "name": "Output Cardinality", "value": "(none)" },
			{ "name": "Avg. Output Record Size (bytes)", "value": "(none)" },
			{ "name": "Filter Factor", "value": "(none)" }		]
	},
	{
		"id": 10,
		"type": "pact",
		"pact": "Reduce",
		"contents": "Reduce at Job31v7$.run(Job31v7.scala:25)",
		"parallelism": "16",
		"predecessors": [
			{"id": 11, "ship_strategy": "Hash Partition on [1]", "local_strategy": "Sort on [1:ASC]", "exchange_mode": "PIPELINED"}
		],
		"driver_strategy": "Sorted Reduce",
		"global_properties": [
			{ "name": "Partitioning", "value": "RANDOM_PARTITIONED" },
			{ "name": "Partitioning Order", "value": "(none)" },
			{ "name": "Uniqueness", "value": "not unique" }
		],
		"local_properties": [
			{ "name": "Order", "value": "(none)" },
			{ "name": "Grouping", "value": "not grouped" },
			{ "name": "Uniqueness", "value": "not unique" }
		],
		"estimates": [
			{ "name": "Est. Output Size", "value": "(unknown)" },
			{ "name": "Est. Cardinality", "value": "(unknown)" }		],
		"costs": [
			{ "name": "Network", "value": "118.18 M" },
			{ "name": "Disk I/O", "value": "236.37 M" },
			{ "name": "CPU", "value": "1.06 G" },
			{ "name": "Cumulative Network", "value": "118.18 M" },
			{ "name": "Cumulative Disk I/O", "value": "354.55 M" },
			{ "name": "Cumulative CPU", "value": "1.06 G" }
		],
		"compiler_hints": [
			{ "name": "Output Size (bytes)", "value": "(none)" },
			{ "name": "Output Cardinality", "value": "(none)" },
			{ "name": "Avg. Output Record Size (bytes)", "value": "(none)" },
			{ "name": "Filter Factor", "value": "(none)" }		]
	},
	{
		"id": 9,
		"type": "pact",
		"pact": "Reduce",
		"contents": "Reduce at Job31v7$.run(Job31v7.scala:26)",
		"parallelism": "16",
		"predecessors": [
			{"id": 10, "ship_strategy": "Forward", "exchange_mode": "PIPELINED"}
		],
		"driver_strategy": "Reduce All",
		"global_properties": [
			{ "name": "Partitioning", "value": "RANDOM_PARTITIONED" },
			{ "name": "Partitioning Order", "value": "(none)" },
			{ "name": "Uniqueness", "value": "not unique" }
		],
		"local_properties": [
			{ "name": "Order", "value": "(none)" },
			{ "name": "Grouping", "value": "not grouped" },
			{ "name": "Uniqueness", "value": "not unique" }
		],
		"estimates": [
			{ "name": "Est. Output Size", "value": "(unknown)" },
			{ "name": "Est. Cardinality", "value": "(unknown)" }		],
		"costs": [
			{ "name": "Network", "value": "0.0" },
			{ "name": "Disk I/O", "value": "0.0" },
			{ "name": "CPU", "value": "0.0" },
			{ "name": "Cumulative Network", "value": "118.18 M" },
			{ "name": "Cumulative Disk I/O", "value": "354.55 M" },
			{ "name": "Cumulative CPU", "value": "1.06 G" }
		],
		"compiler_hints": [
			{ "name": "Output Size (bytes)", "value": "(none)" },
			{ "name": "Output Cardinality", "value": "(none)" },
			{ "name": "Avg. Output Record Size (bytes)", "value": "(none)" },
			{ "name": "Filter Factor", "value": "(none)" }		]
	},
	{
		"id": 8,
		"type": "pact",
		"pact": "Reduce",
		"contents": "Reduce at Job31v7$.run(Job31v7.scala:26)",
		"parallelism": "1",
		"predecessors": [
			{"id": 9, "ship_strategy": "Redistribute", "exchange_mode": "PIPELINED"}
		],
		"driver_strategy": "Reduce All",
		"global_properties": [
			{ "name": "Partitioning", "value": "RANDOM_PARTITIONED" },
			{ "name": "Partitioning Order", "value": "(none)" },
			{ "name": "Uniqueness", "value": "not unique" }
		],
		"local_properties": [
			{ "name": "Order", "value": "(none)" },
			{ "name": "Grouping", "value": "not grouped" },
			{ "name": "Uniqueness", "value": "not unique" }
		],
		"estimates": [
			{ "name": "Est. Output Size", "value": "(unknown)" },
			{ "name": "Est. Cardinality", "value": "(unknown)" }		],
		"costs": [
			{ "name": "Network", "value": "(unknown)" },
			{ "name": "Disk I/O", "value": "0.0" },
			{ "name": "CPU", "value": "0.0" },
			{ "name": "Cumulative Network", "value": "(unknown)" },
			{ "name": "Cumulative Disk I/O", "value": "354.55 M" },
			{ "name": "Cumulative CPU", "value": "1.06 G" }
		],
		"compiler_hints": [
			{ "name": "Output Size (bytes)", "value": "(none)" },
			{ "name": "Output Cardinality", "value": "(none)" },
			{ "name": "Avg. Output Record Size (bytes)", "value": "(none)" },
			{ "name": "Filter Factor", "value": "(none)" }		]
	},
	{
		"id": 6,
		"type": "pact",
		"pact": "Join",
		"contents": "Join at Job31v7$.run(Job31v7.scala:27)",
		"parallelism": "16",
		"predecessors": [
			{"id": 7, "side": "first", "ship_strategy": "Hash Partition on [0]", "exchange_mode": "PIPELINED"},
			{"id": 8, "side": "second", "ship_strategy": "Hash Partition on [1]", "exchange_mode": "PIPELINED"}
		],
		"driver_strategy": "Hybrid Hash (build: at Job31v7$.run(Job31v7.scala:22) (org.apache.flink.api.java.io.TupleCsvInputFormat) (id: 7))",
		"global_properties": [
			{ "name": "Partitioning", "value": "RANDOM_PARTITIONED" },
			{ "name": "Partitioning Order", "value": "(none)" },
			{ "name": "Uniqueness", "value": "not unique" }
		],
		"local_properties": [
			{ "name": "Order", "value": "(none)" },
			{ "name": "Grouping", "value": "not grouped" },
			{ "name": "Uniqueness", "value": "not unique" }
		],
		"estimates": [
			{ "name": "Est. Output Size", "value": "(unknown)" },
			{ "name": "Est. Cardinality", "value": "(unknown)" }		],
		"costs": [
			{ "name": "Network", "value": "(unknown)" },
			{ "name": "Disk I/O", "value": "(unknown)" },
			{ "name": "CPU", "value": "(unknown)" },
			{ "name": "Cumulative Network", "value": "(unknown)" },
			{ "name": "Cumulative Disk I/O", "value": "(unknown)" },
			{ "name": "Cumulative CPU", "value": "(unknown)" }
		],
		"compiler_hints": [
			{ "name": "Output Size (bytes)", "value": "(none)" },
			{ "name": "Output Cardinality", "value": "(none)" },
			{ "name": "Avg. Output Record Size (bytes)", "value": "(none)" },
			{ "name": "Filter Factor", "value": "(none)" }		]
	},
	{
		"id": 15,
		"type": "source",
		"pact": "Data Source",
		"contents": "at Job31v7$.run(Job31v7.scala:28) (org.apache.flink.api.java.io.TupleCsvInputFormat)",
		"parallelism": "16",
		"global_properties": [
			{ "name": "Partitioning", "value": "RANDOM_PARTITIONED" },
			{ "name": "Partitioning Order", "value": "(none)" },
			{ "name": "Uniqueness", "value": "not unique" }
		],
		"local_properties": [
			{ "name": "Order", "value": "(none)" },
			{ "name": "Grouping", "value": "not grouped" },
			{ "name": "Uniqueness", "value": "not unique" }
		],
		"estimates": [
			{ "name": "Est. Output Size", "value": "23.94 M" },
			{ "name": "Est. Cardinality", "value": "199.46 K" }		],
		"costs": [
			{ "name": "Network", "value": "0.0" },
			{ "name": "Disk I/O", "value": "23.94 M" },
			{ "name": "CPU", "value": "0.0" },
			{ "name": "Cumulative Network", "value": "0.0" },
			{ "name": "Cumulative Disk I/O", "value": "23.94 M" },
			{ "name": "Cumulative CPU", "value": "0.0" }
		],
		"compiler_hints": [
			{ "name": "Output Size (bytes)", "value": "(none)" },
			{ "name": "Output Cardinality", "value": "(none)" },
			{ "name": "Avg. Output Record Size (bytes)", "value": "(none)" },
			{ "name": "Filter Factor", "value": "(none)" }		]
	},
	{
		"id": 14,
		"type": "pact",
		"pact": "Map",
		"contents": "Map at Job31v7$.run(Job31v7.scala:29)",
		"parallelism": "16",
		"predecessors": [
			{"id": 15, "ship_strategy": "Forward", "exchange_mode": "PIPELINED"}
		],
		"driver_strategy": "Map",
		"global_properties": [
			{ "name": "Partitioning", "value": "RANDOM_PARTITIONED" },
			{ "name": "Partitioning Order", "value": "(none)" },
			{ "name": "Uniqueness", "value": "not unique" }
		],
		"local_properties": [
			{ "name": "Order", "value": "(none)" },
			{ "name": "Grouping", "value": "not grouped" },
			{ "name": "Uniqueness", "value": "not unique" }
		],
		"estimates": [
			{ "name": "Est. Output Size", "value": "(unknown)" },
			{ "name": "Est. Cardinality", "value": "199.46 K" }		],
		"costs": [
			{ "name": "Network", "value": "0.0" },
			{ "name": "Disk I/O", "value": "0.0" },
			{ "name": "CPU", "value": "0.0" },
			{ "name": "Cumulative Network", "value": "0.0" },
			{ "name": "Cumulative Disk I/O", "value": "23.94 M" },
			{ "name": "Cumulative CPU", "value": "0.0" }
		],
		"compiler_hints": [
			{ "name": "Output Size (bytes)", "value": "(none)" },
			{ "name": "Output Cardinality", "value": "(none)" },
			{ "name": "Avg. Output Record Size (bytes)", "value": "(none)" },
			{ "name": "Filter Factor", "value": "(none)" }		]
	},
	{
		"id": 13,
		"type": "pact",
		"pact": "Filter",
		"contents": "Filter at Job31v7$.run(Job31v7.scala:30)",
		"parallelism": "16",
		"predecessors": [
			{"id": 14, "ship_strategy": "Forward", "exchange_mode": "PIPELINED"}
		],
		"driver_strategy": "FlatMap",
		"global_properties": [
			{ "name": "Partitioning", "value": "RANDOM_PARTITIONED" },
			{ "name": "Partitioning Order", "value": "(none)" },
			{ "name": "Uniqueness", "value": "not unique" }
		],
		"local_properties": [
			{ "name": "Order", "value": "(none)" },
			{ "name": "Grouping", "value": "not grouped" },
			{ "name": "Uniqueness", "value": "not unique" }
		],
		"estimates": [
			{ "name": "Est. Output Size", "value": "0.0" },
			{ "name": "Est. Cardinality", "value": "99.73 K" }		],
		"costs": [
			{ "name": "Network", "value": "0.0" },
			{ "name": "Disk I/O", "value": "0.0" },
			{ "name": "CPU", "value": "0.0" },
			{ "name": "Cumulative Network", "value": "0.0" },
			{ "name": "Cumulative Disk I/O", "value": "23.94 M" },
			{ "name": "Cumulative CPU", "value": "0.0" }
		],
		"compiler_hints": [
			{ "name": "Output Size (bytes)", "value": "(none)" },
			{ "name": "Output Cardinality", "value": "(none)" },
			{ "name": "Avg. Output Record Size (bytes)", "value": "(none)" },
			{ "name": "Filter Factor", "value": "(none)" }		]
	},
	{
		"id": 5,
		"type": "pact",
		"pact": "Join",
		"contents": "Join at Job31v7$.run(Job31v7.scala:31)",
		"parallelism": "16",
		"predecessors": [
			{"id": 6, "side": "first", "ship_strategy": "Hash Partition on [0]", "exchange_mode": "PIPELINED"},
			{"id": 13, "side": "second", "ship_strategy": "Hash Partition on [0]", "exchange_mode": "PIPELINED"}
		],
		"driver_strategy": "Hybrid Hash (build: Join at Job31v7$.run(Job31v7.scala:27) (id: 6))",
		"global_properties": [
			{ "name": "Partitioning", "value": "RANDOM_PARTITIONED" },
			{ "name": "Partitioning Order", "value": "(none)" },
			{ "name": "Uniqueness", "value": "not unique" }
		],
		"local_properties": [
			{ "name": "Order", "value": "(none)" },
			{ "name": "Grouping", "value": "not grouped" },
			{ "name": "Uniqueness", "value": "not unique" }
		],
		"estimates": [
			{ "name": "Est. Output Size", "value": "(unknown)" },
			{ "name": "Est. Cardinality", "value": "(unknown)" }		],
		"costs": [
			{ "name": "Network", "value": "(unknown)" },
			{ "name": "Disk I/O", "value": "(unknown)" },
			{ "name": "CPU", "value": "(unknown)" },
			{ "name": "Cumulative Network", "value": "(unknown)" },
			{ "name": "Cumulative Disk I/O", "value": "(unknown)" },
			{ "name": "Cumulative CPU", "value": "(unknown)" }
		],
		"compiler_hints": [
			{ "name": "Output Size (bytes)", "value": "(none)" },
			{ "name": "Output Cardinality", "value": "(none)" },
			{ "name": "Avg. Output Record Size (bytes)", "value": "(none)" },
			{ "name": "Filter Factor", "value": "(none)" }		]
	},
	{
		"id": 4,
		"type": "pact",
		"pact": "GroupReduce",
		"contents": "GroupReduce at Job31v7$.run(Job31v7.scala:32)",
		"parallelism": "16",
		"predecessors": [
			{"id": 5, "ship_strategy": "Hash Partition on [3]", "local_strategy": "Sort on [3:ASC]", "exchange_mode": "PIPELINED"}
		],
		"driver_strategy": "Sorted Group Reduce",
		"global_properties": [
			{ "name": "Partitioning", "value": "RANDOM_PARTITIONED" },
			{ "name": "Partitioning Order", "value": "(none)" },
			{ "name": "Uniqueness", "value": "not unique" }
		],
		"local_properties": [
			{ "name": "Order", "value": "(none)" },
			{ "name": "Grouping", "value": "not grouped" },
			{ "name": "Uniqueness", "value": "not unique" }
		],
		"estimates": [
			{ "name": "Est. Output Size", "value": "(unknown)" },
			{ "name": "Est. Cardinality", "value": "(unknown)" }		],
		"costs": [
			{ "name": "Network", "value": "(unknown)" },
			{ "name": "Disk I/O", "value": "(unknown)" },
			{ "name": "CPU", "value": "(unknown)" },
			{ "name": "Cumulative Network", "value": "(unknown)" },
			{ "name": "Cumulative Disk I/O", "value": "(unknown)" },
			{ "name": "Cumulative CPU", "value": "(unknown)" }
		],
		"compiler_hints": [
			{ "name": "Output Size (bytes)", "value": "(none)" },
			{ "name": "Output Cardinality", "value": "(none)" },
			{ "name": "Avg. Output Record Size (bytes)", "value": "(none)" },
			{ "name": "Filter Factor", "value": "(none)" }		]
	},
	{
		"id": 3,
		"type": "pact",
		"pact": "Map",
		"contents": "Map at Job31v7$.run(Job31v7.scala:33)",
		"parallelism": "16",
		"predecessors": [
			{"id": 4, "ship_strategy": "Forward", "exchange_mode": "PIPELINED"}
		],
		"driver_strategy": "Map",
		"global_properties": [
			{ "name": "Partitioning", "value": "RANDOM_PARTITIONED" },
			{ "name": "Partitioning Order", "value": "(none)" },
			{ "name": "Uniqueness", "value": "not unique" }
		],
		"local_properties": [
			{ "name": "Order", "value": "(none)" },
			{ "name": "Grouping", "value": "not grouped" },
			{ "name": "Uniqueness", "value": "not unique" }
		],
		"estimates": [
			{ "name": "Est. Output Size", "value": "(unknown)" },
			{ "name": "Est. Cardinality", "value": "(unknown)" }		],
		"costs": [
			{ "name": "Network", "value": "0.0" },
			{ "name": "Disk I/O", "value": "0.0" },
			{ "name": "CPU", "value": "0.0" },
			{ "name": "Cumulative Network", "value": "(unknown)" },
			{ "name": "Cumulative Disk I/O", "value": "(unknown)" },
			{ "name": "Cumulative CPU", "value": "(unknown)" }
		],
		"compiler_hints": [
			{ "name": "Output Size (bytes)", "value": "(none)" },
			{ "name": "Output Cardinality", "value": "(none)" },
			{ "name": "Avg. Output Record Size (bytes)", "value": "(none)" },
			{ "name": "Filter Factor", "value": "(none)" }		]
	},
	{
		"id": 2,
		"type": "pact",
		"pact": "GroupReduce",
		"contents": "GroupReduce at Job31v7$.run(Job31v7.scala:38)",
		"parallelism": "16",
		"predecessors": [
			{"id": 3, "ship_strategy": "Hash Partition on [3]", "local_strategy": "Sort on [3:ASC]", "exchange_mode": "PIPELINED"}
		],
		"driver_strategy": "Sorted Group Reduce",
		"global_properties": [
			{ "name": "Partitioning", "value": "RANDOM_PARTITIONED" },
			{ "name": "Partitioning Order", "value": "(none)" },
			{ "name": "Uniqueness", "value": "not unique" }
		],
		"local_properties": [
			{ "name": "Order", "value": "(none)" },
			{ "name": "Grouping", "value": "not grouped" },
			{ "name": "Uniqueness", "value": "not unique" }
		],
		"estimates": [
			{ "name": "Est. Output Size", "value": "(unknown)" },
			{ "name": "Est. Cardinality", "value": "(unknown)" }		],
		"costs": [
			{ "name": "Network", "value": "(unknown)" },
			{ "name": "Disk I/O", "value": "(unknown)" },
			{ "name": "CPU", "value": "(unknown)" },
			{ "name": "Cumulative Network", "value": "(unknown)" },
			{ "name": "Cumulative Disk I/O", "value": "(unknown)" },
			{ "name": "Cumulative CPU", "value": "(unknown)" }
		],
		"compiler_hints": [
			{ "name": "Output Size (bytes)", "value": "(none)" },
			{ "name": "Output Cardinality", "value": "(none)" },
			{ "name": "Avg. Output Record Size (bytes)", "value": "(none)" },
			{ "name": "Filter Factor", "value": "(none)" }		]
	},
	{
		"id": 19,
		"type": "source",
		"pact": "Data Source",
		"contents": "at Job31v7$.run(Job31v7.scala:39) (org.apache.flink.api.java.io.TupleCsvInputFormat)",
		"parallelism": "16",
		"global_properties": [
			{ "name": "Partitioning", "value": "RANDOM_PARTITIONED" },
			{ "name": "Partitioning Order", "value": "(none)" },
			{ "name": "Uniqueness", "value": "not unique" }
		],
		"local_properties": [
			{ "name": "Order", "value": "(none)" },
			{ "name": "Grouping", "value": "not grouped" },
			{ "name": "Uniqueness", "value": "not unique" }
		],
		"estimates": [
			{ "name": "Est. Output Size", "value": "753.86 M" },
			{ "name": "Est. Cardinality", "value": "5.91 M" }		],
		"costs": [
			{ "name": "Network", "value": "0.0" },
			{ "name": "Disk I/O", "value": "753.86 M" },
			{ "name": "CPU", "value": "0.0" },
			{ "name": "Cumulative Network", "value": "0.0" },
			{ "name": "Cumulative Disk I/O", "value": "753.86 M" },
			{ "name": "Cumulative CPU", "value": "0.0" }
		],
		"compiler_hints": [
			{ "name": "Output Size (bytes)", "value": "(none)" },
			{ "name": "Output Cardinality", "value": "(none)" },
			{ "name": "Avg. Output Record Size (bytes)", "value": "(none)" },
			{ "name": "Filter Factor", "value": "(none)" }		]
	},
	{
		"id": 18,
		"type": "pact",
		"pact": "Reduce",
		"contents": "Reduce at Job31v7$.run(Job31v7.scala:41)",
		"parallelism": "16",
		"predecessors": [
			{"id": 19, "ship_strategy": "Forward", "exchange_mode": "PIPELINED"}
		],
		"driver_strategy": "Sorted Combine/Reduce",
		"global_properties": [
			{ "name": "Partitioning", "value": "RANDOM_PARTITIONED" },
			{ "name": "Partitioning Order", "value": "(none)" },
			{ "name": "Uniqueness", "value": "not unique" }
		],
		"local_properties": [
			{ "name": "Order", "value": "(none)" },
			{ "name": "Grouping", "value": "not grouped" },
			{ "name": "Uniqueness", "value": "not unique" }
		],
		"estimates": [
			{ "name": "Est. Output Size", "value": "753.86 M" },
			{ "name": "Est. Cardinality", "value": "5.91 M" }		],
		"costs": [
			{ "name": "Network", "value": "0.0" },
			{ "name": "Disk I/O", "value": "0.0" },
			{ "name": "CPU", "value": "0.0" },
			{ "name": "Cumulative Network", "value": "0.0" },
			{ "name": "Cumulative Disk I/O", "value": "753.86 M" },
			{ "name": "Cumulative CPU", "value": "0.0" }
		],
		"compiler_hints": [
			{ "name": "Output Size (bytes)", "value": "(none)" },
			{ "name": "Output Cardinality", "value": "(none)" },
			{ "name": "Avg. Output Record Size (bytes)", "value": "(none)" },
			{ "name": "Filter Factor", "value": "(none)" }		]
	},
	{
		"id": 17,
		"type": "pact",
		"pact": "Reduce",
		"contents": "Reduce at Job31v7$.run(Job31v7.scala:41)",
		"parallelism": "16",
		"predecessors": [
			{"id": 18, "ship_strategy": "Hash Partition on [0]", "local_strategy": "Sort on [0:ASC]", "exchange_mode": "PIPELINED"}
		],
		"driver_strategy": "Sorted Reduce",
		"global_properties": [
			{ "name": "Partitioning", "value": "RANDOM_PARTITIONED" },
			{ "name": "Partitioning Order", "value": "(none)" },
			{ "name": "Uniqueness", "value": "not unique" }
		],
		"local_properties": [
			{ "name": "Order", "value": "(none)" },
			{ "name": "Grouping", "value": "not grouped" },
			{ "name": "Uniqueness", "value": "not unique" }
		],
		"estimates": [
			{ "name": "Est. Output Size", "value": "(unknown)" },
			{ "name": "Est. Cardinality", "value": "(unknown)" }		],
		"costs": [
			{ "name": "Network", "value": "753.86 M" },
			{ "name": "Disk I/O", "value": "1.51 G" },
			{ "name": "CPU", "value": "6.78 G" },
			{ "name": "Cumulative Network", "value": "753.86 M" },
			{ "name": "Cumulative Disk I/O", "value": "2.26 G" },
			{ "name": "Cumulative CPU", "value": "6.78 G" }
		],
		"compiler_hints": [
			{ "name": "Output Size (bytes)", "value": "(none)" },
			{ "name": "Output Cardinality", "value": "(none)" },
			{ "name": "Avg. Output Record Size (bytes)", "value": "(none)" },
			{ "name": "Filter Factor", "value": "(none)" }		]
	},
	{
		"id": 16,
		"type": "pact",
		"pact": "Map",
		"contents": "Map at Job31v7$.run(Job31v7.scala:42)",
		"parallelism": "16",
		"predecessors": [
			{"id": 17, "ship_strategy": "Forward", "exchange_mode": "PIPELINED"}
		],
		"driver_strategy": "Map",
		"global_properties": [
			{ "name": "Partitioning", "value": "RANDOM_PARTITIONED" },
			{ "name": "Partitioning Order", "value": "(none)" },
			{ "name": "Uniqueness", "value": "not unique" }
		],
		"local_properties": [
			{ "name": "Order", "value": "(none)" },
			{ "name": "Grouping", "value": "not grouped" },
			{ "name": "Uniqueness", "value": "not unique" }
		],
		"estimates": [
			{ "name": "Est. Output Size", "value": "(unknown)" },
			{ "name": "Est. Cardinality", "value": "(unknown)" }		],
		"costs": [
			{ "name": "Network", "value": "0.0" },
			{ "name": "Disk I/O", "value": "0.0" },
			{ "name": "CPU", "value": "0.0" },
			{ "name": "Cumulative Network", "value": "753.86 M" },
			{ "name": "Cumulative Disk I/O", "value": "2.26 G" },
			{ "name": "Cumulative CPU", "value": "6.78 G" }
		],
		"compiler_hints": [
			{ "name": "Output Size (bytes)", "value": "(none)" },
			{ "name": "Output Cardinality", "value": "(none)" },
			{ "name": "Avg. Output Record Size (bytes)", "value": "(none)" },
			{ "name": "Filter Factor", "value": "(none)" }		]
	},
	{
		"id": 1,
		"type": "pact",
		"pact": "Join",
		"contents": "Join at Job31v7$.run(Job31v7.scala:47)",
		"parallelism": "16",
		"predecessors": [
			{"id": 2, "side": "first", "ship_strategy": "Hash Partition on [0]", "exchange_mode": "PIPELINED"},
			{"id": 16, "side": "second", "ship_strategy": "Hash Partition on [1]", "exchange_mode": "PIPELINED"}
		],
		"driver_strategy": "Hybrid Hash (build: GroupReduce at Job31v7$.run(Job31v7.scala:38) (id: 2))",
		"global_properties": [
			{ "name": "Partitioning", "value": "RANDOM_PARTITIONED" },
			{ "name": "Partitioning Order", "value": "(none)" },
			{ "name": "Uniqueness", "value": "not unique" }
		],
		"local_properties": [
			{ "name": "Order", "value": "(none)" },
			{ "name": "Grouping", "value": "not grouped" },
			{ "name": "Uniqueness", "value": "not unique" }
		],
		"estimates": [
			{ "name": "Est. Output Size", "value": "(unknown)" },
			{ "name": "Est. Cardinality", "value": "(unknown)" }		],
		"costs": [
			{ "name": "Network", "value": "(unknown)" },
			{ "name": "Disk I/O", "value": "(unknown)" },
			{ "name": "CPU", "value": "(unknown)" },
			{ "name": "Cumulative Network", "value": "(unknown)" },
			{ "name": "Cumulative Disk I/O", "value": "(unknown)" },
			{ "name": "Cumulative CPU", "value": "(unknown)" }
		],
		"compiler_hints": [
			{ "name": "Output Size (bytes)", "value": "(none)" },
			{ "name": "Output Cardinality", "value": "(none)" },
			{ "name": "Avg. Output Record Size (bytes)", "value": "(none)" },
			{ "name": "Filter Factor", "value": "(none)" }		]
	},
	{
		"id": 0,
		"type": "sink",
		"pact": "Data Sink",
		"contents": "org.apache.flink.api.java.io.DiscardingOutputFormat@12a160c2",
		"parallelism": "16",
		"predecessors": [
			{"id": 1, "ship_strategy": "Forward", "exchange_mode": "PIPELINED"}
		],
		"global_properties": [
			{ "name": "Partitioning", "value": "RANDOM_PARTITIONED" },
			{ "name": "Partitioning Order", "value": "(none)" },
			{ "name": "Uniqueness", "value": "not unique" }
		],
		"local_properties": [
			{ "name": "Order", "value": "(none)" },
			{ "name": "Grouping", "value": "not grouped" },
			{ "name": "Uniqueness", "value": "not unique" }
		],
		"estimates": [
			{ "name": "Est. Output Size", "value": "(unknown)" },
			{ "name": "Est. Cardinality", "value": "(unknown)" }		],
		"costs": [
			{ "name": "Network", "value": "0.0" },
			{ "name": "Disk I/O", "value": "0.0" },
			{ "name": "CPU", "value": "0.0" },
			{ "name": "Cumulative Network", "value": "(unknown)" },
			{ "name": "Cumulative Disk I/O", "value": "(unknown)" },
			{ "name": "Cumulative CPU", "value": "(unknown)" }
		],
		"compiler_hints": [
			{ "name": "Output Size (bytes)", "value": "(none)" },
			{ "name": "Output Cardinality", "value": "(none)" },
			{ "name": "Avg. Output Record Size (bytes)", "value": "(none)" },
			{ "name": "Filter Factor", "value": "(none)" }		]
	}
	]
}

}
